PLAYER_NAME,AVG_APPROACH_BIRDIE_OR_BETTER,AVG_APPROACH_BOGEY_OR_WORSE,AVG_APPROACH_PAR,AVG_APPROACH_SHOT_DISTANCE,FAIRWAY_APPROACH_RTP,GIR_PCT_FAIRWAY_BUNKER,GIR_PCT_FAIRWAY,GIR_PCT_OTHER,GIR_PCT_OVERALL,GIR_PCT_100-125,GIR_PCT_OVER_100,GIR_PCT_125-150,GIR_PCT_150-175,GIR_PCT_175-200,GIR_PCT_OVER_200,GIR_PCT_75-100,GIR_PCT_UNDER_100,GIR_PCT_UNDER_125,GIR_PCT_UNDER_75,GREEN_PCT_SAND_SAVES,GREEN_PCT_SCRAMBLE,GREEN_PCT_SCRAMBLE_FRINGE,GREEN_PCT_SCRAMBLE_ROUGH,GREEN_PCT_SCRAMBLE_SAND,FINISHES_FEDEXCUP_BONUS,FINISHES_OFFICIAL_MONEY,FINISHES_TOP10,FINISHES_OFFICIAL_UNOFFICIAL_MONEY,TEE_AVG_APEX,TEE_AVG_BALL_SPEED,TEE_BALL_STRIKING,TEE_AVG_CARRY,TEE_LONGEST_CARRY_DISTANCE,TEE_AVG_CARRY_EFF,TEE_AVG_CLUB_HEAD_SPEED,TEE_AVG_DISTANCE_FROM_CENTER_FR,TEE_DRIVING_ACCURACY_PCT,TEE_AVG_DRIVING_DISTANCE,TEE_AVG_FAIRWAY_BUNKER_TENDENCY_PCT,TEE_AVG_FIR_PCT,TEE_AVG_LAUNCH_ANGLE,TEE_AVG_LEFT_ROUGH_TENDENCY_PCT,TEE_LONGEST_DRIVES,TEE_AVG_RIGHT_ROUGH_TENDENCY_PCT,TEE_AVG_SMASH_FACTOR,TEE_AVG_SPIN_RATE,PUTTING_AVG_ONE_PUTTS,PUTTING_AVG_TWO_PUTTS,PUTTING_AVG_THREE_PUTTS,PUTTING_APPROACH_PERFORMANCE,PUTTING_AVG_DIST_BIRDIE,PUTTING_AVG_DIST_EAGLE,PUTTING_AVG_DIST_MADE,PUTTING_PCT_BIRDIE_OR_BETTER,PUTTING_AVG_OVERALL,PUTTING_AVG_PUTTS,SCORING_AVG_BIRDIES,SCORING_PCT_BIRDIE_OR_BETTER,SCORING_BIRDIE_BOGEY_RATIO,SCORING_BOGEY_AVERAGE,SCORING_EAGLES_PER_HOLE,SCORING_PAR3_AVERAGE,SCORING_PAR4_AVERAGE,SCORING_PAR5_AVERAGE,SCORING_ROUNDS_IN_60S,SCORING_AVG_OVERALL,SCORING_TOTAL_BIRDIES,SCORING_TOTAL_EAGLES,STREAKS_CUTS_MADE,STREAKS_FIRS_MADE,STREAKS_GIRS_MADE,STREAKS_HOLES_UNDER_PAR
Zac Blair,152.9,158.9,158.5,157.5,-0.034,39.5,74.74,51.59,63.47,75.63,57.78,71.14,56.28,47.27,40.65,84.21,85.62,81.25,87.01,50.79,60.6,96.88,60.71,50.96,101000.0,745273,1.0,"$745,273","95' 9""",160.06,348.0,262.7,296.3,2.432,108.0,"23' 7""",62.62,280.9,6.2,62.16,11.35,11.65,359.0,17.84,1.482,2499.7,7.58,9.58,0.06,"2' 4""","10' 10""",,"74' 10""",30.41,1.589,28.61,3.64,20.29,1.19,2.68,1.0,3.08,4.07,4.65,25.0,71.705,240.0,1.0,,0.0,0.0,3.0
Cameron Percy,161.3,164.0,161.6,161.9,-0.104,58.1,79.36,58.75,69.63,82.5,64.64,67.89,68.07,57.89,44.0,79.07,86.61,84.9,91.3,49.06,60.98,90.32,59.74,47.73,70000.0,470679,1.0,"$470,679","96' 5""",165.91,178.0,270.6,299.4,2.46,109.99,"23' 1""",59.21,295.0,6.7,57.83,11.96,20.0,359.0,11.96,1.509,2165.1,6.76,10.49,0.02,"2' 2""","9' 11""","26' 0""","72' 9""",28.24,1.638,29.49,3.56,20.49,1.44,2.27,6.0,3.14,3.98,4.62,17.0,71.07300000000002,160.0,6.0,,3.0,7.0,3.0
Sebastian Cappelen,161.7,161.1,153.6,156.4,-0.065,43.2,77.04,54.97,64.36,76.34,59.24,64.15,55.26,57.95,37.14,81.13,82.64,80.17,83.52,47.73,61.18,95.45,66.43,50.77,,371482,1.0,"$371,482","101' 1""",174.58,303.0,286.7,328.1,2.468,116.15,"22' 0""",51.15,303.7,7.8,51.69,9.39,14.35,368.0,22.78,1.5019999999999998,2422.8,7.21,9.94,,"2' 5""","10' 4""","10' 5""","70' 2""",29.9,1.609,28.96,3.51,20.02,1.22,2.43,5.0,3.09,4.04,4.73,12.0,72.10600000000002,186.0,5.0,,0.0,0.0,5.0
Brian Gay,162.3,159.8,156.1,158.0,-0.065,49.1,76.6,54.4,64.81,77.95,58.23,66.67,60.59,46.71,38.14,86.25,87.5,83.5,88.54,38.53,56.89,89.66,58.22,40.96,101000.0,702647,2.0,"$702,647","99' 1""",162.43,346.0,269.5,310.9,2.468,109.21,"22' 3""",58.68,288.5,7.9,58.05,11.77,13.51,373.0,15.8,1.487,2311.8,7.37,10.02,,"2' 0""","10' 0""","26' 1""","72' 8""",32.38,1.586,28.54,3.89,22.05,1.3,2.59,5.0,3.08,4.01,4.72,24.0,71.407,245.0,5.0,,0.0,1.0,5.0
"Ted Potter, Jr.",162.7,166.2,156.2,159.2,-0.056,58.3,76.41,58.68,68.94,77.46,65.51,70.19,63.97,65.71,50.0,75.0,84.4,81.67,91.8,39.44,57.72,95.83,55.56,41.51,,361540,2.0,"$361,540","93' 1""",166.97,209.0,275.1,302.2,2.45,112.29,"23' 0""",60.65,290.2,7.7,58.3,9.58,18.3,358.0,11.7,1.487,2494.8,6.86,10.36,,"2' 5""","10' 11""",,"76' 4""",27.71,1.646,29.64,3.45,19.57,1.22,2.48,3.0,3.11,4.02,4.74,14.0,71.877,152.0,3.0,,8.0,0.0,3.0
Vaughn Taylor,163.0,167.7,160.3,162.1,-0.076,41.9,71.35,51.65,63.75,83.53,59.33,69.01,65.52,49.04,30.69,74.55,78.05,80.29,80.88,47.01,58.54,89.66,62.81,47.73,110000.0,1148779,2.0,"$1,148,779","106' 0""",160.63,290.0,265.5,296.9,2.476,107.2,"22' 3""",67.84,281.6,7.0,65.96,13.13,12.21,341.0,11.56,1.5,2472.7,7.61,9.79,,"2' 1""","10' 6""","18' 0""","73' 5""",32.33,1.5619999999999998,28.11,3.89,21.86,1.36,2.48,3.0,3.01,4.02,4.72,26.0,70.827,237.0,3.0,,4.0,1.0,5.0
Seamus Power,165.4,150.2,156.6,157.8,-0.173,64.7,79.77,57.84,69.44,82.61,67.89,71.95,71.43,54.9,56.0,68.0,83.78,83.33,91.84,51.35,56.82,84.62,54.84,45.83,,351069,1.0,"$351,069","78' 8""",175.9,83.0,278.9,311.7,2.3680000000000003,117.79,"26' 1""",58.61,304.5,5.9,59.03,8.36,16.67,366.0,14.24,1.493,2323.4,7.22,9.91,0.03,"2' 5""","9' 9""","39' 0""","77' 9""",34.34,1.597,28.75,4.38,25.17,1.59,2.44,5.0,3.01,4.01,4.55,19.0,70.962,140.0,5.0,2.0,0.0,0.0,3.0
Dominic Bozzelli,165.4,167.3,157.4,161.2,-0.065,50.0,77.31,47.74,62.96,70.31,59.46,64.91,57.89,57.41,47.62,83.33,86.21,79.47,87.72,43.48,54.17,95.0,55.91,44.0,,272865,1.0,"$272,865","107' 6""",168.6,359.0,276.1,306.7,2.4330000000000003,113.49,"24' 2""",51.69,299.0,6.2,51.69,11.08,16.0,368.0,20.31,1.491,2653.7,7.86,9.42,0.03,"2' 2""","9' 9""","3' 10""","78' 1""",36.61,1.5730000000000002,28.31,4.19,23.61,1.2,2.97,2.0,3.03,4.05,4.77,14.0,72.277,151.0,2.0,,0.0,0.0,4.0
Jim Herman,166.4,174.7,160.1,164.2,-0.026,56.5,73.97,48.26,64.17,77.06,60.85,67.52,69.95,50.57,39.71,76.36,80.92,79.31,83.51,41.96,51.94,87.1,48.8,44.44,150000.0,1390275,1.0,"$1,390,275","84' 0""",167.67,251.0,267.7,301.2,2.369,112.98,"26' 0""",69.28,285.6,6.3,69.23,9.22,10.03,362.0,12.5,1.486,2475.0,6.27,10.77,,"2' 4""","9' 7""","41' 11""","69' 10""",26.34,1.661,29.9,3.2,18.15,0.88,3.32,4.0,3.19,4.09,4.69,15.0,72.02199999999998,192.0,4.0,,2.0,0.0,5.0
Vincent Whaley,167.2,146.6,153.3,154.8,-0.069,42.9,79.35,52.94,66.67,75.32,60.1,67.02,62.07,45.45,43.55,77.14,86.24,81.72,90.54,29.41,57.89,80.77,55.56,29.41,,207571,1.0,"$207,571","95' 6""",175.2,198.0,282.8,310.4,2.411,117.3,"22' 4""",58.38,300.9,7.3,57.66,8.36,13.77,366.0,17.66,1.495,2757.4,7.37,9.84,,"2' 5""","11' 5""","11' 7""","80' 0""",32.68,1.6130000000000002,29.03,3.87,22.08,1.28,2.71,4.0,3.06,4.04,4.63,14.0,71.47800000000002,147.0,4.0,,1.0,0.0,3.0
Brooks Koepka,167.3,162.5,161.0,162.7,-0.096,59.5,79.07,54.05,66.81,75.9,63.58,66.39,64.44,64.17,42.47,80.49,85.71,82.06,87.88,43.84,51.46,88.89,45.33,42.0,101000.0,1123227,2.0,"$1,123,227","117' 1""",178.91,216.0,296.5,332.4,2.47,120.03,"24' 4""",53.75,307.0,8.0,52.94,10.25,14.99,379.0,18.6,1.491,2601.6,6.93,10.23,,"2' 5""","9' 5""","11' 1""","72' 11""",31.39,1.621,29.18,3.9,22.22,1.21,2.78,4.0,3.06,4.05,4.65,18.0,70.546,156.0,4.0,,1.0,8.0,4.0
Fabián Gómez,168.1,168.2,159.8,162.7,-0.096,51.5,76.88,53.23,66.67,71.43,61.43,73.24,54.17,62.18,42.86,71.74,86.07,80.1,94.74,58.23,60.91,89.29,60.66,50.0,70000.0,564722,2.0,"$564,722","93' 6""",163.39,196.0,268.2,291.3,2.476,108.36,"23' 6""",65.8,289.2,6.1,65.56,10.8,8.7,348.0,16.48,1.509,2444.4,6.87,10.35,,"2' 2""","10' 7""","15' 0""","74' 10""",28.96,1.607,28.93,3.55,20.81,1.39,2.36,11.0,3.06,3.98,4.71,20.0,71.252,195.0,11.0,,7.0,4.0,3.0
Brian Stuard,168.2,169.8,162.5,164.7,-0.096,50.0,73.71,45.45,65.09,80.56,61.48,69.66,65.12,52.97,42.44,82.35,85.88,83.49,88.07,50.0,62.28,84.78,66.08,53.06,105000.0,1002095,2.0,"$1,002,095","90' 4""",158.6,244.0,258.4,302.9,2.455,105.24,"23' 7""",71.84,281.5,5.8,70.28,11.32,11.17,349.0,11.17,1.509,2402.3,7.37,10.04,,"2' 1""","9' 8""","2' 8""","71' 5""",29.99,1.578,28.41,3.68,20.71,1.4,2.47,4.0,3.01,4.01,4.67,35.0,70.885,298.0,4.0,,3.0,1.0,4.0
Nick Watney,168.3,160.1,164.0,164.4,-0.105,56.5,82.11,56.2,70.2,76.32,67.64,81.31,70.27,55.88,51.25,85.71,89.83,84.54,92.11,45.31,55.51,92.31,57.75,44.19,70000.0,534797,1.0,"$534,797","95' 5""",177.53,136.0,288.3,320.6,2.442,118.05,"26' 1""",55.45,302.3,4.6,55.24,7.89,16.13,353.0,18.75,1.504,2736.6,6.77,10.39,0.02,"2' 2""","10' 0""","13' 6""","75' 1""",30.99,1.63,29.34,4.0,22.73,1.45,2.32,4.0,3.03,4.03,4.6,18.0,70.902,176.0,4.0,,5.0,2.0,3.0
Stewart Cink,168.5,163.2,158.5,161.2,-0.07400000000000001,56.9,78.86,55.95,67.97,79.21,64.5,76.3,60.22,57.48,50.5,86.67,85.43,82.94,84.62,47.17,55.78,88.0,51.16,50.0,70000.0,490620,1.0,"$490,620","95' 8""",171.67,247.0,279.1,312.1,2.41,115.81,"22' 7""",56.38,295.7,8.2,56.75,8.62,12.86,369.0,17.2,1.483,2703.5,6.76,10.73,,"2' 1""","9' 4""","13' 6""","69' 8""",29.01,1.626,29.27,3.59,20.15,1.28,2.41,2.0,3.04,4.04,4.72,19.0,71.189,183.0,2.0,,2.0,5.0,3.0
Chase Seiffert,168.6,161.3,158.5,161.1,-0.084,65.5,74.79,57.6,68.11,74.16,63.88,70.71,69.78,58.56,40.26,81.63,83.2,79.44,84.21,45.0,57.74,87.5,57.35,44.26,70000.0,539756,1.0,"$539,756","91' 9""",166.54,191.0,272.9,305.0,2.454,111.21,"23' 11""",62.52,291.3,5.8,62.48,9.65,12.97,371.0,16.17,1.501,2552.6,6.94,10.35,,"2' 5""","9' 9""","20' 7""","77' 1""",29.85,1.626,29.26,3.65,21.09,1.32,2.65,8.0,3.0,4.04,4.62,26.0,71.175,197.0,8.0,,0.0,0.0,3.0
Graeme McDowell,169.1,168.1,166.3,167.2,-0.044,45.0,75.6,46.88,63.31,79.71,57.43,66.33,61.9,48.84,38.24,79.31,85.84,83.52,88.1,36.49,54.26,92.86,51.82,42.31,101000.0,751082,1.0,"$865,582","86' 5""",163.57,352.0,268.2,325.1,2.4290000000000003,110.39,"26' 2""",62.02,283.9,3.9,62.43,9.07,15.41,369.0,15.61,1.486,2597.0,6.94,10.25,,"2' 5""","10' 1""","37' 3""","74' 4""",28.52,1.615,29.06,3.42,19.33,1.02,2.9,3.0,3.06,4.11,4.7,14.0,71.866,164.0,3.0,,2.0,2.0,5.0
Nick Taylor,169.2,157.4,162.3,162.9,-0.08,39.2,80.94,45.08,66.95,75.78,60.87,64.29,64.97,55.24,39.47,81.13,86.71,81.82,89.52,46.34,56.98,96.55,56.52,44.78,163000.0,1897539,2.0,"$1,897,539","108' 5""",165.42,138.0,279.6,308.0,2.5380000000000003,110.18,"25' 0""",64.24,296.6,7.3,62.41,12.03,14.78,357.0,13.34,1.503,2560.5,6.98,10.41,,"2' 4""","9' 8""","10' 10""","72' 11""",29.66,1.615,29.07,3.56,20.72,1.3,2.59,10.0,3.07,4.02,4.6,22.0,70.607,210.0,10.0,,0.0,0.0,4.0
Tyrrell Hatton,169.2,168.4,166.9,167.7,-0.16899999999999998,45.7,78.79,57.33,69.31,73.02,63.88,67.8,67.8,63.64,47.83,61.76,83.05,79.56,91.67,43.18,58.62,100.0,64.29,44.12,1300000.0,3434867,6.0,"$3,434,867","107' 11""",171.03,62.0,284.4,329.5,2.48,114.68,"20' 9""",61.73,301.6,7.4,60.38,11.53,12.92,373.0,16.31,1.491,2439.1,7.14,10.26,,"2' 1""","9' 7""","4' 9""","76' 1""",34.42,1.585,28.52,4.55,25.53,1.86,2.31,2.0,2.96,3.96,4.53,24.0,69.507,191.0,2.0,3.0,0.0,2.0,4.0
Brendan Steele,169.3,157.7,162.4,163.2,-0.118,46.6,81.38,50.7,68.14,75.38,64.36,65.38,68.18,60.65,48.76,74.6,84.49,80.76,89.52,49.46,58.31,91.3,56.85,52.0,164000.0,1739131,3.0,"$1,739,131","107' 3""",173.28,100.0,288.8,333.8,2.466,117.11,"23' 7""",59.93,303.6,7.5,59.33,10.14,13.51,367.0,17.25,1.477,2551.9,7.11,10.09,,"2' 3""","9' 10""","13' 4""","75' 2""",31.38,1.618,29.13,3.86,21.88,1.42,2.48,5.0,3.04,3.98,4.69,30.0,70.30199999999999,247.0,5.0,7.0,3.0,2.0,6.0
David Hearn,169.5,169.8,160.5,163.5,-0.057,53.3,76.64,54.67,66.88,78.22,64.25,67.83,68.5,62.1,39.29,78.13,84.78,81.35,88.33,45.59,64.14,91.18,66.06,40.74,,287527,1.0,"$287,527","97' 10""",157.98,212.0,262.3,286.8,2.491,105.26,"24' 9""",68.44,281.8,3.0,67.66,12.51,12.3,333.0,13.89,1.5,2322.2,7.18,10.22,,"2' 5""","11' 7""",,"76' 2""",28.38,1.612,29.02,3.51,19.61,1.35,2.39,1.0,3.07,4.0,4.69,19.0,71.266,179.0,1.0,,3.0,2.0,3.0
Russell Henley,169.9,173.7,165.1,167.1,-0.122,60.5,80.66,56.44,71.69,85.59,69.92,79.67,69.2,71.5,45.45,88.89,85.8,85.71,84.26,55.7,65.42,91.67,63.48,62.07,155000.0,1195378,4.0,"$1,195,378","93' 9""",165.44,87.0,271.4,307.1,2.47,109.87,"22' 8""",65.65,290.1,5.3,65.43,10.12,12.22,359.0,13.7,1.506,2576.4,6.6,10.7,0.02,"2' 3""","10' 0""","1' 8""","71' 7""",26.95,1.631,29.35,3.6,20.46,1.71,1.79,5.0,3.0,3.98,4.66,34.0,70.157,227.0,5.0,5.0,0.0,0.0,3.0
Adam Long,170.1,165.9,162.1,164.4,-0.113,42.6,79.32,52.6,67.74,69.44,63.9,77.48,65.56,58.85,44.79,82.05,85.19,79.33,86.67,45.21,60.67,97.67,59.48,43.33,200000.0,2186913,3.0,"$2,186,913","120' 5""",166.02,197.0,279.6,316.9,2.53,110.52,"24' 10""",62.47,292.0,6.2,60.44,13.9,13.32,370.0,15.84,1.5019999999999998,2478.2,7.22,10.07,0.02,"2' 5""","9' 8""","23' 4""","76' 3""",30.87,1.602,28.84,3.78,21.78,1.44,2.48,12.0,3.06,3.99,4.62,39.0,70.41,333.0,12.0,5.0,2.0,1.0,5.0
Joel Dahmen,170.3,161.6,162.0,163.7,-0.095,40.0,74.12,47.44,63.85,75.54,60.29,69.73,55.92,56.63,45.83,72.46,82.71,79.89,87.59,50.71,60.51,90.38,59.75,50.54,177000.0,2120973,5.0,"$2,120,973","95' 7""",167.57,216.0,274.7,328.9,2.458,111.79,"22' 10""",64.58,295.4,4.6,64.81,10.69,12.98,376.0,14.92,1.504,2612.2,7.44,9.82,,"2' 1""","9' 5""","22' 1""","72' 0""",30.91,1.577,28.38,3.68,21.17,1.31,2.63,10.0,3.01,3.98,4.8,37.0,70.415,291.0,10.0,,1.0,1.0,5.0
Beau Hossler,170.6,157.8,161.2,162.4,-0.09,60.7,76.24,55.09,65.17,73.95,59.77,64.53,58.38,53.21,46.02,81.48,84.36,80.2,85.6,51.82,57.62,92.68,56.58,52.44,101000.0,658088,1.0,"$658,088","113' 5""",172.23,259.0,290.3,327.8,2.526,114.93,"25' 0""",53.9,306.6,8.2,54.49,11.5,14.43,370.0,17.53,1.4980000000000002,2285.7,7.19,10.4,0.03,"2' 4""","10' 7""","10' 0""","78' 3""",30.01,1.597,28.75,3.57,20.32,1.27,2.54,6.0,3.04,4.05,4.66,21.0,71.387,239.0,6.0,,2.0,4.0,4.0
Doc Redman,170.7,164.1,162.0,164.3,-0.126,59.3,79.57,55.49,70.8,78.75,67.89,71.37,74.05,63.68,47.17,87.14,91.04,85.75,92.96,55.0,57.54,92.11,54.61,56.32,110000.0,1129549,1.0,"$1,129,549","101' 10""",170.08,21.0,280.5,325.1,2.445,114.74,"23' 7""",68.27,297.4,5.5,68.16,9.4,11.73,359.0,11.84,1.483,2611.2,6.78,10.6,0.02,"2' 2""","9' 9""","16' 0""","75' 10""",30.58,1.633,29.39,3.94,22.36,1.56,2.34,7.0,3.05,3.97,4.66,38.0,70.477,323.0,7.0,,0.0,0.0,5.0
Brendon Todd,170.8,166.2,164.7,166.2,-0.101,44.2,75.06,49.13,65.5,79.43,60.46,68.4,67.13,49.37,43.86,80.72,83.64,81.99,85.4,61.6,66.1,89.8,65.66,63.46,497500.0,3390258,4.0,"$3,538,008","91' 6""",158.96,229.0,260.6,302.5,2.4290000000000003,107.29,"27' 1""",71.36,282.7,4.1,71.84,11.59,11.04,359.0,11.61,1.482,2330.6,7.87,9.42,,"2' 4""","11' 4""","31' 2""","81' 10""",31.59,1.5590000000000002,28.07,3.91,22.03,1.57,2.35,5.0,2.98,3.98,4.66,41.0,70.15100000000001,336.0,5.0,3.0,1.0,1.0,7.0
Josh Teater,170.9,160.2,154.2,158.8,-0.075,60.0,79.54,56.04,71.54,83.93,65.87,72.0,63.3,60.81,52.46,88.0,89.22,87.34,90.38,35.29,53.33,87.5,47.62,33.33,70000.0,453508,1.0,"$453,508","112' 0""",168.05,41.0,280.8,322.7,2.513,111.78,"23' 1""",68.24,294.0,4.0,67.2,11.34,12.27,365.0,12.8,1.508,2634.2,6.71,10.39,0.02,"2' 5""","9' 10""","15' 6""","72' 3""",31.05,1.65,29.71,3.93,22.9,1.41,2.54,8.0,3.09,4.01,4.57,16.0,71.335,161.0,8.0,,0.0,4.0,2.0
Pat Perez,171.2,161.1,164.3,165.3,-0.092,55.2,80.0,59.3,70.51,86.9,68.81,80.0,67.44,64.18,47.78,70.59,84.43,85.44,89.77,57.83,59.25,88.24,61.7,58.49,105000.0,1010905,2.0,"$1,010,905","118' 5""",169.15,139.0,281.8,776.5,2.423,116.3,"25' 6""",62.75,290.3,5.2,62.88,11.76,14.23,345.0,14.59,1.453,2841.1,6.8,10.55,,"2' 2""","10' 11""","17' 9""","76' 0""",28.84,1.6369999999999998,29.47,3.62,20.91,1.5,2.24,8.0,3.01,4.01,4.64,26.0,70.85300000000002,199.0,8.0,,1.0,1.0,5.0
Kevin Kisner,171.3,166.5,164.4,166.1,-0.123,59.5,73.87,52.68,65.37,76.61,62.32,72.94,64.57,55.88,42.28,78.72,80.72,78.97,81.51,50.89,63.96,90.48,63.27,50.65,466000.0,2266752,4.0,"$2,495,502","94' 5""",165.94,233.0,273.4,327.4,2.442,111.96,"25' 10""",65.23,289.2,5.3,65.36,10.11,16.5,376.0,10.91,1.485,2677.1,7.63,9.75,0.01,"2' 3""","10' 10""","30' 9""","80' 0""",31.27,1.575,28.34,3.79,21.39,1.49,2.37,4.0,3.03,3.98,4.67,37.0,70.36,277.0,4.0,6.0,0.0,0.0,4.0
Ryan Moore,171.4,164.6,167.9,168.2,-0.129,55.6,77.62,54.17,68.56,82.09,65.94,76.67,67.94,54.7,47.14,72.22,86.87,84.94,90.12,47.95,59.04,89.47,65.08,45.0,101000.0,957540,2.0,"$957,540","78' 8""",162.35,114.0,259.6,290.0,2.383,108.93,"21' 9""",68.63,289.9,7.6,65.97,9.22,13.03,367.0,10.92,1.491,2398.6,7.27,10.09,,"2' 1""","9' 1""","14' 10""","70' 8""",30.44,1.601,28.82,3.89,21.84,1.47,2.45,2.0,3.05,3.97,4.74,20.0,70.707,171.0,2.0,,0.0,0.0,4.0
Henrik Norlander,171.5,165.1,165.0,166.4,-0.067,70.0,81.25,53.97,70.65,75.73,67.52,79.79,72.29,55.62,50.4,86.54,87.01,82.86,87.2,43.97,56.78,90.0,57.32,47.56,110000.0,1175431,3.0,"$1,175,431","90' 9""",167.94,54.0,275.1,303.4,2.435,112.99,"23' 10""",69.57,292.1,5.1,69.01,8.86,12.37,362.0,11.48,1.487,2446.9,6.77,10.57,,"2' 2""","9' 9""","13' 0""","72' 2""",30.35,1.636,29.45,3.84,21.92,1.45,2.5,8.0,3.09,3.98,4.61,36.0,70.798,284.0,8.0,,0.0,0.0,4.0
Nate Lashley,171.6,164.8,162.2,164.5,-0.081,47.1,76.38,47.29,64.85,75.0,60.58,67.16,63.91,50.34,49.11,88.68,87.92,82.99,87.5,46.99,57.75,97.37,52.87,44.07,105000.0,1035222,2.0,"$1,035,222","96' 2""",164.36,317.0,271.4,302.7,2.478,109.53,"27' 11""",62.05,287.0,5.4,61.23,11.54,16.14,384.0,13.45,1.505,2264.9,7.08,10.19,,"2' 4""","10' 2""","13' 9""","73' 2""",28.36,1.609,28.96,3.38,19.55,1.14,2.92,7.0,3.1,4.04,4.6,20.0,71.384,176.0,7.0,,1.0,3.0,5.0
Scottie Scheffler,171.6,166.2,160.4,164.0,-0.134,53.4,80.09,54.83,69.04,72.73,64.85,75.34,65.81,59.44,47.62,82.22,84.04,79.87,84.9,48.99,60.61,90.7,57.49,47.86,2500000.0,2833438,7.0,"$2,833,438","107' 10""",173.63,50.0,285.8,335.0,2.452,116.54,"23' 3""",61.24,308.9,7.5,60.99,10.96,14.89,407.0,14.48,1.49,2624.7,7.33,9.88,0.01,"2' 3""","10' 1""","13' 2""","77' 5""",34.28,1.595,28.71,4.35,24.93,1.71,2.37,11.0,3.04,3.95,4.55,43.0,69.709,357.0,11.0,6.0,0.0,3.0,6.0
Brian Harman,172.1,160.5,162.2,164.2,-0.145,48.2,76.85,49.13,65.67,71.43,61.83,72.73,58.08,58.59,47.24,79.1,85.84,79.17,88.82,60.98,64.94,94.74,59.33,65.56,179000.0,1482583,1.0,"$1,567,583","98' 2""",163.95,222.0,271.8,319.2,2.475,109.81,"23' 6""",63.28,293.0,5.6,63.71,11.89,13.21,361.0,13.61,1.494,2424.9,7.73,9.65,,"2' 2""","8' 9""","11' 11""","70' 7""",32.75,1.558,28.04,3.97,22.65,1.66,2.15,8.0,3.03,3.97,4.59,42.0,70.041,310.0,8.0,5.0,0.0,0.0,5.0
Joaquin Niemann,172.2,159.8,159.0,162.0,-0.113,39.6,81.53,56.8,69.3,84.05,66.74,73.91,66.8,57.42,47.3,74.63,80.52,81.98,82.93,51.35,57.86,84.62,51.18,54.29,420000.0,2914136,4.0,"$2,914,136","86' 0""",176.78,154.0,279.9,334.8,2.367,118.27,"23' 7""",56.48,301.7,5.3,57.79,8.24,16.23,406.0,16.78,1.495,2356.3,6.93,10.26,,"2' 3""","8' 10""","29' 11""","70' 6""",31.15,1.635,29.43,3.92,22.22,1.41,2.58,6.0,3.06,3.98,4.64,35.0,70.36399999999999,298.0,6.0,2.0,0.0,2.0,5.0
Ryan Armour,172.3,166.5,164.9,166.7,-0.098,30.4,75.63,44.81,67.91,83.33,63.74,74.45,64.44,51.43,49.17,87.5,89.23,86.73,90.24,39.02,56.42,83.33,54.55,38.71,101000.0,850571,3.0,"$850,571","79' 3""",159.93,154.0,256.6,288.9,2.418,106.1,"25' 3""",73.86,284.1,3.7,73.77,9.82,10.17,379.0,10.17,1.511,2463.6,6.72,10.41,0.02,"1' 11""","10' 1""","12' 10""","69' 9""",30.83,1.626,29.28,3.91,22.22,1.33,2.84,5.0,2.97,4.03,4.65,23.0,71.092,227.0,5.0,,0.0,1.0,5.0
Ian Poulter,172.6,167.1,165.3,167.2,-0.117,53.8,73.12,50.37,62.62,85.9,58.53,61.34,64.38,50.0,37.62,86.96,87.91,86.98,88.24,54.0,62.23,86.67,59.55,55.56,105000.0,1034334,1.0,"$1,148,834","84' 5""",165.36,370.0,261.8,294.4,2.383,109.87,"22' 11""",59.58,286.8,7.4,58.63,9.4,12.9,343.0,16.51,1.506,2488.0,8.17,9.23,,"2' 5""","10' 7""","9' 0""","82' 11""",33.4,1.5490000000000002,27.88,3.71,21.53,1.35,2.65,8.0,3.02,4.02,4.59,24.0,70.14,178.0,8.0,3.0,11.0,4.0,3.0
Patrick Rodgers,172.7,156.9,160.7,162.7,-0.111,52.9,79.53,54.09,66.97,75.16,62.77,64.38,63.18,59.9,49.3,70.21,81.96,79.71,86.7,49.15,58.23,97.87,57.34,47.44,105000.0,1015849,1.0,"$1,015,849","100' 3""",177.97,199.0,290.0,327.3,2.422,119.75,"24' 10""",52.95,308.5,6.6,53.72,9.04,18.07,370.0,17.68,1.486,2539.4,7.04,10.45,0.02,"2' 4""","10' 0""","4' 3""","76' 8""",30.99,1.607,28.92,3.77,21.37,1.43,2.38,7.0,3.05,4.01,4.61,36.0,70.869,343.0,7.0,5.0,0.0,3.0,4.0
Rob Oppenheim,172.7,165.1,159.9,163.2,-0.061,40.5,76.16,49.05,65.21,66.29,60.95,72.73,61.31,61.81,42.52,77.78,83.46,76.58,86.36,52.69,62.04,91.89,61.7,60.27,70000.0,454470,1.0,"$454,470","78' 2""",163.86,302.0,260.4,295.0,2.359,110.42,"25' 0""",62.95,284.2,5.9,62.94,8.91,13.58,366.0,15.97,1.485,2490.8,6.8,10.03,0.03,"2' 5""","10' 6""","46' 2""","71' 8""",27.14,1.604,28.87,3.44,19.95,1.22,2.61,9.0,3.06,4.04,4.65,25.0,71.3,210.0,9.0,2.0,0.0,0.0,4.0
Harry Higgs,173.0,159.5,158.9,161.8,-0.073,54.5,76.59,53.53,66.06,73.46,62.45,67.52,61.0,58.6,48.09,78.57,82.61,79.04,84.62,48.65,60.55,90.48,60.75,48.54,156000.0,1251570,2.0,"$1,251,570","103' 4""",171.51,148.0,285.7,333.0,2.45,116.6,"23' 0""",62.19,301.0,8.0,62.19,9.77,10.63,371.0,15.31,1.471,2471.1,7.33,10.05,0.01,"2' 2""","10' 0""","33' 3""","74' 0""",29.92,1.59,28.63,3.66,20.82,1.38,2.35,7.0,3.12,3.98,4.72,36.0,70.852,304.0,7.0,2.0,2.0,0.0,4.0
Andrew Putnam,173.5,169.0,167.7,168.9,-0.052000000000000005,66.7,74.52,50.55,63.77,77.27,58.58,75.0,62.5,53.85,34.09,80.65,81.61,80.15,82.14,51.9,60.33,90.48,56.79,48.94,70000.0,459640,1.0,"$557,140","86' 7""",163.38,367.0,261.5,287.0,2.313,113.09,"28' 8""",57.03,277.9,4.7,55.76,8.7,14.9,333.0,20.99,1.4469999999999998,2701.7,7.37,10.13,,"2' 4""","10' 11""","39' 3""","80' 3""",28.03,1.6,28.8,3.2,18.12,1.09,2.63,3.0,3.03,4.06,4.78,14.0,71.87100000000002,147.0,3.0,,1.0,1.0,4.0
Maverick McNealy,173.5,150.8,158.6,160.8,-0.105,58.2,77.54,54.28,65.86,75.2,62.47,66.67,63.98,54.09,51.94,71.43,79.3,77.84,82.8,61.36,62.53,88.1,56.65,62.63,140000.0,1293984,3.0,"$1,293,984","83' 9""",172.49,269.0,274.5,333.4,2.382,115.23,"23' 9""",58.23,296.6,8.3,56.02,8.61,13.42,363.0,19.13,1.5,2363.2,7.71,9.53,0.03,"2' 3""","11' 2""","16' 9""","82' 2""",33.11,1.574,28.33,4.05,22.95,1.53,2.37,6.0,3.03,4.0,4.61,33.0,70.79,308.0,6.0,2.0,0.0,0.0,5.0
Tom Hoge,173.7,159.7,163.1,164.9,-0.086,50.8,75.28,53.19,65.62,75.16,61.86,69.95,60.98,56.73,48.19,81.82,86.93,81.74,89.47,43.33,60.48,94.59,59.46,47.06,161000.0,1857073,3.0,"$1,857,073","98' 9""",167.51,298.0,274.3,307.6,2.45,111.97,"22' 9""",60.58,290.4,6.4,60.15,10.94,11.51,360.0,19.11,1.496,2503.1,7.3,9.91,0.01,"2' 4""","9' 5""","13' 7""","71' 4""",30.58,1.599,28.78,3.77,21.17,1.31,2.66,3.0,3.06,3.99,4.72,27.0,70.605,279.0,3.0,,0.0,0.0,4.0
Harold Varner III,173.7,170.5,161.5,165.4,-0.152,49.0,81.45,52.66,70.57,82.93,66.54,74.11,67.16,55.95,51.97,79.03,86.76,85.32,90.14,43.97,58.93,87.88,60.0,49.21,110000.0,1060152,1.0,"$1,207,902","105' 9""",169.98,30.0,282.8,321.8,2.503,113.01,"24' 11""",61.69,301.9,6.4,62.67,12.28,13.37,377.0,14.12,1.508,2070.9,6.74,10.57,,"2' 1""","8' 3""","14' 4""","65' 9""",30.64,1.628,29.3,4.01,22.6,1.59,2.24,4.0,3.03,3.99,4.6,35.0,70.297,297.0,4.0,,1.0,1.0,4.0
Chez Reavie,173.9,165.4,162.5,165.1,-0.087,62.8,74.3,53.99,67.24,78.72,63.63,71.08,69.23,53.77,43.85,87.27,87.65,83.6,87.83,56.67,61.01,92.5,55.88,57.53,105000.0,1123769,2.0,"$1,320,269","94' 8""",160.99,172.0,267.7,665.4,2.482,107.83,"25' 1""",69.73,284.4,5.4,69.84,12.19,11.64,367.0,10.89,1.495,2193.2,6.69,10.53,,"2' 1""","8' 8""","5' 4""","64' 3""",26.46,1.609,28.96,3.4,19.41,1.33,2.36,7.0,3.07,4.0,4.7,29.0,71.043,262.0,7.0,,3.0,0.0,3.0
Robert Streb,174.2,165.7,157.4,161.9,-0.059,55.6,80.05,54.95,67.33,75.61,62.25,65.38,62.16,58.54,47.3,75.56,82.46,79.59,86.96,35.37,52.72,84.62,61.68,35.94,70000.0,415258,1.0,"$415,258","92' 5""",170.45,261.0,275.4,317.1,2.437,113.02,"25' 1""",58.08,293.7,6.1,60.0,8.57,22.5,357.0,8.86,1.509,2852.8,6.54,10.78,,"2' 1""","9' 4""",,"62' 9""",28.48,1.644,29.6,3.5,19.89,1.18,2.66,4.0,3.07,4.07,4.63,17.0,71.836,175.0,4.0,,0.0,1.0,4.0
Brandt Snedeker,174.2,167.6,166.0,167.9,-0.102,59.0,77.56,53.19,65.93,73.08,61.18,67.09,67.57,57.32,38.14,86.96,90.06,83.4,91.3,55.56,63.08,90.32,57.0,60.87,101000.0,896750,1.0,"$896,750","99' 6""",162.29,283.0,271.0,316.7,2.491,108.79,"21' 9""",61.94,288.5,5.6,61.69,11.54,14.78,356.0,14.63,1.49,2421.8,7.25,10.13,0.02,"2' 2""","10' 6""","1' 6""","75' 11""",29.73,1.5830000000000002,28.49,3.79,21.17,1.5,2.3,1.0,3.09,3.96,4.67,24.0,70.73100000000002,201.0,1.0,,0.0,1.0,4.0
Kevin Na,174.4,170.0,164.6,167.5,-0.123,42.9,76.08,43.24,63.22,73.77,59.15,70.43,62.74,54.29,37.36,78.26,84.27,80.0,86.36,55.56,65.96,95.0,61.22,59.05,420000.0,2794402,4.0,"$2,794,402","96' 10""",166.27,325.0,271.3,321.0,2.392,113.41,"24' 6""",62.74,286.9,5.1,63.23,9.79,13.83,374.0,14.56,1.467,2774.4,8.03,9.31,0.04,"2' 3""","10' 5""","34' 9""","79' 4""",32.59,1.56,28.08,3.8,21.44,1.48,2.32,4.0,3.0,4.0,4.68,30.0,70.43,270.0,4.0,3.0,3.0,3.0,5.0
Kyle Stanley,174.5,168.4,165.0,167.5,-0.108,44.4,81.29,56.34,72.54,84.85,69.49,84.06,73.53,55.26,46.67,81.48,90.43,87.85,93.18,48.0,58.78,77.42,52.05,51.85,70000.0,490359,1.0,"$490,359","85' 9""",163.74,79.0,265.6,309.4,2.434,109.15,"22' 9""",71.29,285.1,6.0,69.88,9.97,7.49,358.0,14.14,1.5,2558.9,6.47,10.72,,"2' 3""","9' 1""","2' 10""","69' 4""",28.76,1.654,29.77,3.83,21.49,1.5,2.34,2.0,3.05,3.98,4.68,17.0,71.008,203.0,2.0,,0.0,0.0,5.0
Alex Noren,174.8,170.7,163.8,167.2,-0.092,50.0,74.73,56.1,64.78,67.9,59.16,67.94,66.46,55.95,34.0,81.08,88.96,81.7,91.45,58.59,63.66,94.12,59.65,58.23,159000.0,1274003,4.0,"$1,274,003","112' 0""",174.72,318.0,285.3,321.1,2.42,117.89,"25' 1""",58.11,296.0,4.8,57.9,9.67,9.52,358.0,23.23,1.479,2981.2,7.3,9.95,,"2' 1""","9' 3""","17' 10""","69' 8""",31.69,1.5730000000000002,28.32,3.88,22.32,1.51,2.48,8.0,3.04,3.99,4.54,34.0,70.127,217.0,8.0,5.0,2.0,3.0,4.0
Bud Cauley,174.8,169.0,164.2,166.8,-0.108,47.0,78.37,50.57,65.57,78.07,61.46,74.12,62.4,53.97,42.28,90.2,85.47,82.52,83.47,66.99,64.29,80.77,61.27,67.47,110000.0,1042100,2.0,"$1,042,100","104' 3""",166.93,314.0,273.7,322.1,2.46,111.25,"24' 0""",59.02,290.5,8.2,58.31,11.71,13.65,361.0,16.38,1.504,2668.4,7.13,10.3,,"1' 11""","9' 5""","36' 1""","67' 2""",27.62,1.595,28.7,3.34,19.03,1.39,2.26,5.0,3.01,4.02,4.63,24.0,70.308,204.0,5.0,,3.0,3.0,4.0
Corey Conners,174.8,159.6,165.0,166.2,-0.101,50.0,82.59,53.67,71.55,79.02,66.67,71.51,70.45,59.55,48.44,84.75,87.39,84.18,88.3,44.44,56.2,89.74,50.47,47.06,158000.0,1498121,1.0,"$1,595,621","105' 10""",174.09,14.0,283.6,332.7,2.457,115.43,"24' 1""",67.08,298.7,6.0,67.66,9.77,9.44,380.0,14.84,1.508,3088.7,6.2,11.03,0.03,"2' 2""","8' 9""","11' 8""","66' 4""",28.5,1.668,30.03,3.73,21.32,1.39,2.5,8.0,3.08,4.0,4.58,31.0,70.43,276.0,8.0,2.0,3.0,0.0,5.0
Branden Grace,175.0,160.6,163.7,165.7,-0.12,67.9,79.0,56.69,68.43,75.32,65.68,77.48,62.39,64.42,41.27,74.07,80.7,78.53,82.76,53.13,59.66,85.71,59.74,52.38,,354443,1.0,"$354,443","82' 2""",170.73,227.0,272.6,346.8,2.385,114.32,"24' 10""",55.67,297.3,6.1,52.4,8.18,13.76,369.0,24.02,1.493,2708.2,6.95,10.32,,"2' 1""","9' 5""",,"67' 7""",29.11,1.634,29.41,3.61,20.19,1.34,2.51,1.0,3.03,3.99,4.74,14.0,71.108,148.0,1.0,,0.0,0.0,3.0
Adam Hadwin,175.1,161.2,163.3,165.6,-0.129,46.8,79.62,48.29,68.29,76.69,66.83,71.25,72.17,55.91,56.19,87.5,89.57,83.78,90.43,65.05,58.49,80.0,55.04,60.32,157000.0,1710808,3.0,"$1,710,808","110' 11""",168.1,122.0,280.8,322.4,2.51,111.91,"22' 9""",64.53,294.0,6.3,64.49,10.99,12.23,365.0,14.76,1.5,2811.7,7.0,10.37,0.02,"2' 2""","9' 5""","12' 0""","71' 5""",29.15,1.606,28.91,3.65,21.03,1.38,2.46,9.0,3.03,4.0,4.67,31.0,70.61,237.0,9.0,,0.0,0.0,4.0
Tyler Duncan,175.2,163.9,163.4,166.0,-0.105,29.6,77.52,44.44,67.54,71.01,63.27,70.39,67.17,60.93,42.6,79.69,84.16,78.17,86.23,42.98,58.56,87.5,55.38,46.74,173000.0,1799855,1.0,"$1,799,855","94' 10""",163.84,156.0,269.0,313.6,2.458,109.42,"23' 4""",69.87,286.3,5.5,69.28,10.86,9.56,387.0,13.22,1.5,2560.6,7.01,10.29,,"2' 2""","9' 7""","11' 7""","70' 6""",29.72,1.617,29.11,3.7,21.02,1.34,2.53,7.0,3.0,4.03,4.64,34.0,70.84,307.0,7.0,3.0,2.0,3.0,4.0
Joseph Bramlett,175.4,161.0,159.6,163.0,-0.081,65.9,82.59,57.28,70.02,82.14,65.48,75.89,65.58,55.2,50.57,69.23,86.05,84.51,93.33,48.1,53.15,92.0,54.64,43.55,70000.0,495690,1.0,"$495,690","104' 8""",171.94,158.0,282.8,311.5,2.478,114.12,"24' 1""",57.35,299.3,7.6,57.49,10.65,16.08,396.0,16.08,1.507,2640.8,6.51,10.62,,"2' 5""","10' 0""","29' 2""","75' 7""",29.19,1.665,29.96,3.62,20.75,1.19,2.81,6.0,3.09,4.04,4.62,18.0,71.367,192.0,6.0,,1.0,0.0,3.0
Sepp Straka,175.4,164.9,161.1,164.7,-0.119,58.8,78.31,51.79,66.98,77.87,63.76,66.67,64.9,58.48,49.59,87.69,85.22,82.67,84.24,51.79,59.38,93.62,57.14,57.32,110000.0,1140441,3.0,"$1,140,441","104' 5""",171.14,127.0,287.7,320.3,2.5340000000000003,113.52,"22' 10""",60.2,302.7,5.9,60.44,11.71,11.83,411.0,16.59,1.507,2128.1,6.84,10.46,,"2' 3""","9' 2""","10' 7""","73' 4""",29.81,1.621,29.17,3.7,21.03,1.35,2.33,6.0,3.04,4.03,4.68,25.0,71.102,259.0,6.0,,0.0,1.0,4.0
Kevin Streelman,175.5,172.2,161.1,166.0,-0.092,50.0,78.36,54.18,67.66,79.05,65.4,75.0,61.23,61.9,50.72,78.43,82.29,80.8,83.87,52.94,55.76,90.7,52.24,54.22,195000.0,2520845,4.0,"$2,520,845","109' 5""",168.16,128.0,279.0,321.0,2.472,112.85,"22' 0""",65.88,293.9,6.5,65.66,11.18,14.09,377.0,11.07,1.491,2658.5,6.88,10.4,0.01,"2' 2""","9' 0""","12' 6""","69' 2""",30.81,1.625,29.25,3.82,21.84,1.31,2.67,8.0,3.18,4.01,4.53,29.0,70.738,279.0,8.0,7.0,2.0,2.0,3.0
Daniel Berger,175.6,163.1,168.3,169.5,-0.158,52.6,76.1,55.9,66.93,72.48,61.48,67.91,65.37,54.5,46.72,79.41,88.83,82.64,91.03,59.81,67.45,92.59,70.55,58.9,582500.0,4439420,7.0,"$4,439,420","88' 1""",173.78,112.0,276.4,326.1,2.39,115.68,"22' 2""",63.86,300.2,4.9,65.04,8.81,8.48,377.0,18.12,1.504,2595.2,7.89,9.31,0.03,"2' 4""","8' 9""","10' 8""","75' 7""",35.24,1.5630000000000002,28.14,4.38,24.74,1.88,2.17,5.0,3.01,3.95,4.49,43.0,69.237,280.0,5.0,5.0,1.0,0.0,4.0
Cameron Davis,175.8,165.9,160.3,165.0,-0.152,41.7,82.18,53.59,69.25,71.13,64.86,68.21,70.81,59.32,50.51,80.85,87.7,82.04,90.0,56.99,61.06,90.91,54.47,62.3,110000.0,857225,2.0,"$857,225","123' 2""",178.24,75.0,298.2,337.0,2.52,118.35,"25' 3""",58.82,308.0,5.7,59.81,10.81,11.77,378.0,18.21,1.506,2674.6,7.09,9.72,,"2' 7""","9' 3""","26' 0""","79' 3""",32.55,1.618,29.12,4.14,24.04,1.52,2.5,11.0,3.04,4.0,4.55,29.0,70.639,240.0,11.0,4.0,3.0,4.0,4.0
Sam Ryder,175.9,163.7,163.5,166.4,-0.092,52.2,78.83,51.05,66.35,75.93,61.73,71.43,64.05,50.94,44.74,82.81,85.99,82.54,87.41,42.39,60.85,91.43,57.72,45.45,101000.0,690246,2.0,"$690,246","101' 9""",172.19,183.0,281.7,312.3,2.401,117.34,"24' 2""",61.22,297.7,5.9,62.14,8.65,12.27,368.0,15.76,1.4680000000000002,2788.2,7.13,10.06,,"2' 5""","9' 1""","9' 2""","72' 10""",31.5,1.599,28.79,3.93,22.14,1.42,2.47,4.0,3.01,4.01,4.68,27.0,71.09100000000002,275.0,4.0,,0.0,0.0,4.0
Zach Johnson,175.9,168.6,162.6,166.2,-0.102,39.5,78.36,53.46,68.03,82.08,64.6,69.1,72.56,55.61,44.85,93.18,88.73,85.89,86.73,50.56,62.11,89.66,61.4,54.05,101000.0,777727,1.0,"$777,727","101' 10""",163.94,223.0,270.9,315.6,2.466,109.89,"22' 11""",62.76,285.9,5.7,63.4,11.9,17.11,352.0,11.67,1.493,2467.2,7.2,10.23,0.02,"2' 0""","10' 1""","14' 7""","74' 6""",29.99,1.6,28.8,3.77,21.04,1.54,2.05,1.0,3.03,3.99,4.68,33.0,70.388,230.0,1.0,2.0,7.0,1.0,6.0
Wes Roach,176.0,166.2,159.6,163.8,-0.037000000000000005,38.1,78.86,53.11,67.92,72.86,64.13,68.06,65.79,56.9,52.83,86.67,91.8,81.68,93.48,38.98,58.01,87.5,60.38,43.18,,267966,2.0,"$267,966","107' 3""",165.49,200.0,272.4,310.6,2.4530000000000003,111.05,"22' 10""",62.61,290.5,6.8,63.84,12.1,14.66,369.0,11.4,1.501,2544.0,6.83,10.1,,"2' 3""","11' 1""",,"71' 9""",30.18,1.631,29.35,3.73,21.81,1.3,2.65,8.0,3.06,4.05,4.59,18.0,71.602,149.0,8.0,,1.0,10.0,4.0
Hank Lebioda,176.0,162.2,162.7,165.3,-0.07400000000000001,45.9,76.94,54.43,67.68,72.83,64.39,70.0,62.29,66.1,48.84,69.05,82.44,78.48,88.76,49.45,55.94,80.77,56.69,48.48,70000.0,436840,1.0,"$436,840","96' 3""",169.63,210.0,277.9,312.8,2.474,112.32,"23' 11""",60.34,294.7,6.4,58.89,9.51,14.63,360.0,17.07,1.511,2528.3,6.69,10.38,0.02,"2' 5""","10' 0""","34' 2""","72' 8""",29.28,1.6469999999999998,29.65,3.6,20.81,1.19,2.84,8.0,3.03,4.06,4.66,20.0,71.578,198.0,8.0,,1.0,1.0,5.0
Shane Lowry,176.4,158.2,164.1,165.8,-0.103,65.4,80.43,53.14,69.44,82.89,66.79,78.38,62.5,58.47,55.13,86.67,83.93,83.51,82.93,61.54,62.4,80.0,54.29,62.79,101000.0,781326,1.0,"$781,326","98' 5""",172.74,91.0,282.9,334.6,2.465,114.76,"22' 9""",60.95,299.4,5.2,61.75,9.7,21.12,417.0,9.36,1.505,2317.0,6.64,10.36,,"2' 3""","9' 0""","5' 3""","67' 2""",28.42,1.653,29.75,3.66,20.71,1.37,2.36,3.0,3.09,4.01,4.56,23.0,70.265,161.0,3.0,,3.0,1.0,3.0
Webb Simpson,176.4,165.5,165.6,168.5,-0.205,53.6,80.61,52.94,70.83,77.39,67.86,75.31,69.74,59.63,56.67,75.68,89.03,84.07,93.22,56.34,64.47,89.66,61.76,58.33,682500.0,5097742,8.0,"$5,212,742","110' 1""",167.49,25.0,280.9,324.8,2.528,111.12,"23' 2""",67.31,296.2,3.9,67.42,11.82,12.78,374.0,11.94,1.508,2661.0,7.69,9.83,,"2' 1""","9' 10""","18' 4""","80' 9""",36.31,1.571,28.27,4.67,26.5,2.36,1.79,5.0,2.97,3.89,4.52,36.0,68.97800000000001,243.0,5.0,5.0,0.0,1.0,4.0
Ryan Palmer,176.5,164.7,164.1,167.0,-0.096,55.0,75.35,53.42,65.93,75.45,60.68,71.56,53.95,57.67,45.67,72.73,83.08,80.39,86.99,50.0,59.95,87.5,55.91,54.43,445333.0,2724926,5.0,"$2,872,676","106' 2""",171.42,198.0,284.7,327.0,2.486,114.54,"23' 7""",60.08,299.3,7.2,59.71,11.11,12.55,388.0,15.68,1.497,2464.5,7.37,9.85,,"2' 3""","8' 9""","21' 8""","69' 9""",32.71,1.587,28.57,3.99,22.71,1.42,2.63,7.0,3.07,4.02,4.53,33.0,70.196,271.0,7.0,6.0,0.0,2.0,4.0
Matthew NeSmith,176.5,161.3,164.8,166.6,-0.08199999999999999,53.6,81.8,54.84,70.18,73.47,65.59,72.97,67.52,63.16,46.49,78.57,88.61,82.81,92.24,49.48,60.0,75.56,51.2,54.55,105000.0,783232,1.0,"$783,232","100' 1""",170.87,81.0,281.9,325.7,2.467,114.26,"24' 9""",64.14,295.0,7.5,63.15,9.61,12.68,369.0,13.35,1.495,2491.1,6.74,10.63,,"2' 2""","9' 8""","22' 10""","72' 11""",29.16,1.629,29.32,3.72,21.32,1.52,2.24,8.0,3.0,4.0,4.62,30.0,70.575,253.0,8.0,,1.0,0.0,5.0
Keith Mitchell,176.6,161.3,159.8,163.8,-0.079,48.8,78.54,47.99,65.02,64.52,59.26,63.76,59.24,58.99,47.75,76.67,86.89,78.48,91.1,48.04,53.1,82.61,52.76,47.46,101000.0,886979,1.0,"$886,979","107' 1""",178.32,222.0,291.0,326.5,2.432,119.65,"26' 0""",58.32,301.9,6.1,59.49,10.41,17.4,383.0,11.27,1.491,2554.0,7.22,9.84,0.02,"2' 5""","9' 8""","5' 9""","78' 11""",31.59,1.61,28.98,3.78,21.53,1.11,2.98,6.0,3.13,4.05,4.68,23.0,71.298,242.0,6.0,,2.0,1.0,3.0
Troy Merritt,176.7,164.8,161.7,165.2,-0.075,51.8,76.1,52.68,66.5,72.97,60.22,69.88,64.89,51.22,41.18,85.25,87.36,81.91,88.43,47.96,60.0,92.5,56.45,54.1,110000.0,1037971,2.0,"$1,037,971","113' 5""",167.47,193.0,278.2,323.1,2.497,111.4,"27' 4""",64.52,291.8,7.3,63.62,12.05,9.39,360.0,15.51,1.503,2816.6,7.03,10.28,,"2' 4""","11' 2""","19' 11""","79' 6""",30.01,1.606,28.91,3.76,21.24,1.38,2.34,4.0,3.07,4.01,4.69,26.0,71.165,256.0,4.0,2.0,9.0,4.0,5.0
Si Woo Kim,176.7,159.3,162.4,165.2,-0.12,46.3,77.21,51.24,65.54,77.14,62.38,65.85,61.65,60.87,45.99,72.97,84.43,81.77,89.41,49.32,58.82,96.67,57.64,45.57,110000.0,1074246,1.0,"$1,074,246","90' 0""",169.47,287.0,276.0,313.2,2.432,113.47,"23' 5""",57.03,298.1,8.0,57.62,9.4,14.05,362.0,15.13,1.494,2468.7,7.35,9.93,0.01,"2' 4""","9' 10""","13' 4""","75' 7""",32.15,1.598,28.77,3.89,21.85,1.33,2.61,3.0,3.07,3.98,4.78,32.0,71.25399999999998,288.0,3.0,9.0,1.0,3.0,5.0
Phil Mickelson,176.7,158.5,161.0,164.0,-0.09,50.0,76.88,50.91,63.51,69.41,56.09,58.33,65.6,46.32,37.5,70.0,80.7,76.95,85.12,56.6,60.6,95.24,60.83,58.21,110000.0,1493908,2.0,"$1,493,908","120' 7""",174.02,325.0,290.1,332.7,2.478,117.09,"24' 9""",54.0,301.5,5.4,52.21,11.86,22.46,394.0,13.44,1.487,2553.2,7.43,9.94,,"2' 0""","8' 5""","10' 7""","66' 4""",32.36,1.5759999999999998,28.37,3.76,21.68,1.35,2.49,7.0,3.07,4.02,4.64,19.0,71.009,192.0,7.0,,0.0,1.0,5.0
Danny Lee,177.0,170.8,164.2,168.3,-0.08199999999999999,51.7,78.51,55.45,65.62,74.36,59.58,67.47,61.9,50.31,44.7,80.36,83.25,80.06,84.31,53.08,59.72,83.87,57.04,53.33,166000.0,2043764,3.0,"$2,043,764","124' 7""",170.5,226.0,287.2,325.4,2.51,114.4,"23' 7""",57.07,302.0,7.8,56.66,13.29,15.67,382.0,13.97,1.49,2363.1,7.45,9.68,,"2' 6""","9' 7""","15' 5""","75' 6""",33.46,1.598,28.77,4.06,23.03,1.34,2.72,6.0,3.05,4.01,4.66,31.0,70.609,280.0,6.0,2.0,0.0,2.0,5.0
Cameron Tringale,177.2,168.1,161.8,166.0,-0.116,34.0,81.09,59.01,69.66,71.83,65.28,75.9,70.93,59.72,41.8,79.37,84.42,79.18,86.76,50.0,64.24,90.24,60.0,50.85,110000.0,911172,1.0,"$911,172","110' 5""",175.17,162.0,287.9,327.8,2.406,119.68,"26' 10""",54.03,301.9,6.4,54.45,9.77,19.84,383.0,15.32,1.464,2699.4,7.11,10.13,0.03,"2' 5""","8' 0""","10' 4""","69' 0""",29.95,1.612,29.02,3.89,22.05,1.68,2.08,5.0,3.04,3.97,4.62,32.0,70.53399999999998,245.0,5.0,,7.0,3.0,4.0
Patrick Cantlay,177.2,154.4,160.6,163.7,-0.15,44.7,82.55,53.23,68.36,79.0,62.15,66.43,62.76,56.57,42.39,82.26,85.71,83.55,87.16,55.41,59.54,82.76,55.56,58.7,186000.0,2118336,3.0,"$2,223,336","104' 9""",174.44,102.0,288.4,327.5,2.491,115.79,"26' 11""",59.35,303.1,6.2,59.0,10.34,16.69,378.0,13.94,1.509,2416.8,7.46,9.89,,"2' 1""","9' 8""","20' 4""","74' 7""",33.45,1.589,28.61,4.15,23.91,1.62,2.43,7.0,3.06,3.98,4.49,23.0,69.764,191.0,7.0,,0.0,0.0,4.0
J.T. Poston,177.2,156.2,166.9,167.6,-0.121,35.6,73.56,50.25,64.74,67.83,60.22,64.25,63.76,58.9,44.29,78.57,84.79,78.92,86.96,57.25,60.4,87.5,53.38,63.33,140000.0,1282929,2.0,"$1,555,429","107' 3""",169.21,274.0,279.7,315.4,2.474,113.05,"24' 3""",63.74,290.2,5.1,63.68,10.67,11.69,394.0,16.46,1.4980000000000002,2642.6,7.68,9.86,,"2' 2""","10' 3""","19' 3""","77' 11""",32.64,1.567,28.21,3.88,22.01,1.44,2.46,6.0,2.94,4.01,4.7,34.0,70.429,303.0,6.0,2.0,0.0,0.0,3.0
Louis Oosthuizen,177.3,167.4,158.3,163.5,-0.105,48.6,79.75,49.43,65.28,67.57,61.05,72.03,61.85,56.41,41.86,70.73,80.34,75.39,85.53,43.21,58.0,86.96,68.75,40.74,150000.0,1312138,2.0,"$1,312,138","101' 4""",169.23,201.0,281.1,342.1,2.501,112.41,"21' 5""",60.63,300.1,6.6,60.14,11.18,15.44,404.0,14.54,1.506,2529.6,7.27,10.04,,"2' 5""","10' 5""","29' 9""","75' 6""",30.07,1.6030000000000002,28.85,3.58,20.37,1.21,2.65,4.0,3.1,4.01,4.69,22.0,70.493,172.0,4.0,7.0,0.0,0.0,5.0
Xinjun Zhang,177.4,166.9,161.0,165.8,-0.08900000000000001,50.0,79.41,52.98,66.02,77.5,59.52,67.78,57.08,55.25,42.22,73.21,86.24,83.14,90.74,50.0,56.26,94.44,55.11,45.54,110000.0,1232376,3.0,"$1,232,376","94' 6""",170.4,283.0,279.5,311.1,2.405,116.22,"23' 9""",59.52,293.8,5.8,59.05,8.99,13.37,358.0,18.35,1.466,2602.1,7.17,9.9,0.01,"2' 1""","9' 9""","23' 8""","75' 4""",32.42,1.598,28.77,4.1,23.09,1.32,2.86,4.0,3.08,4.01,4.65,29.0,71.058,316.0,4.0,,2.0,1.0,5.0
Patton Kizzire,177.7,158.1,161.4,164.4,-0.093,61.5,77.4,51.98,64.85,71.88,62.17,69.23,66.49,51.7,47.83,84.62,92.14,83.9,95.05,45.45,56.61,100.0,52.42,48.0,,352764,1.0,"$437,764","113' 0""",170.74,346.0,283.5,308.8,2.486,114.04,"24' 9""",54.03,294.8,6.0,55.09,11.25,16.05,366.0,16.36,1.4980000000000002,2599.9,7.55,9.95,0.04,"2' 3""","9' 11""","28' 1""","77' 3""",32.55,1.587,28.56,3.78,21.62,1.25,2.64,6.0,3.06,4.05,4.61,23.0,71.444,208.0,6.0,2.0,2.0,0.0,4.0
Sam Burns,177.9,160.1,159.6,163.8,-0.124,56.7,80.22,56.95,66.95,77.48,61.13,70.97,56.04,52.11,48.0,91.38,86.86,83.86,85.39,32.14,57.1,85.71,59.29,35.0,101000.0,757500,1.0,"$757,500","100' 9""",178.95,164.0,294.0,335.1,2.477,118.67,"24' 10""",54.8,312.0,7.8,55.15,8.85,13.3,375.0,20.08,1.506,2604.9,7.03,10.4,,"2' 1""","9' 2""","14' 10""","73' 1""",32.28,1.606,28.91,3.9,22.51,1.44,2.48,9.0,3.13,4.0,4.55,30.0,70.778,226.0,9.0,,5.0,1.0,4.0
Jason Kokrak,177.9,152.5,164.6,165.6,-0.117,60.4,79.92,57.65,68.64,78.3,64.97,69.83,65.75,61.04,47.62,73.33,81.08,80.07,83.57,43.75,59.14,76.0,71.17,47.69,169000.0,1494604,3.0,"$1,767,104","125' 0""",176.47,89.0,297.0,353.4,2.521,117.8,"24' 2""",57.64,312.4,6.8,57.55,12.82,16.5,390.0,15.8,1.499,2296.9,6.68,10.5,,"2' 4""","9' 2""","7' 1""","70' 4""",29.02,1.642,29.56,3.66,20.7,1.32,2.53,4.0,3.05,4.01,4.66,27.0,70.617,227.0,4.0,3.0,1.0,2.0,3.0
Andrew Landry,178.1,170.2,162.7,166.9,-0.05,48.8,72.71,50.99,64.11,72.26,60.91,71.19,61.01,50.58,48.46,75.51,80.61,76.82,82.76,46.24,59.21,91.67,60.87,43.48,150000.0,1510275,1.0,"$1,510,275","97' 2""",163.74,253.0,273.1,921.7,2.511,108.78,"21' 11""",65.72,289.7,5.3,65.42,11.31,10.54,351.0,16.32,1.506,2438.9,7.22,9.98,,"2' 0""","10' 3""",,"67' 9""",29.89,1.598,28.76,3.63,20.37,1.19,2.73,2.0,3.12,4.01,4.73,27.0,71.22800000000002,229.0,2.0,3.0,0.0,0.0,4.0
Justin Thomas,178.1,162.2,160.8,165.4,-0.142,52.1,79.96,60.0,69.61,78.46,63.57,73.29,60.55,54.82,50.91,82.89,86.69,83.86,88.37,62.5,63.16,94.44,58.62,62.12,4500000.0,7344040,10.0,"$7,491,540","102' 3""",175.1,104.0,288.8,347.7,2.485,116.23,"25' 7""",57.25,304.2,6.0,57.53,10.21,15.69,449.0,17.06,1.507,2279.1,7.38,9.98,,"2' 0""","8' 5""","28' 2""","70' 2""",35.64,1.59,28.62,4.55,25.76,1.96,2.18,6.0,3.04,3.93,4.48,39.0,69.128,300.0,6.0,7.0,1.0,1.0,5.0
Byeong Hun An,178.1,158.5,160.6,163.8,-0.078,57.1,79.75,53.56,65.78,71.2,60.12,67.54,66.35,54.38,37.59,78.95,85.42,80.55,88.41,50.71,60.61,92.5,57.24,46.84,190000.0,2283951,5.0,"$2,283,951","114' 10""",171.35,233.0,286.9,347.9,2.523,113.68,"23' 2""",54.3,305.7,7.7,54.43,12.08,15.8,410.0,18.1,1.508,2438.4,7.41,9.65,0.01,"2' 4""","8' 8""","10' 9""","66' 9""",31.11,1.594,28.69,3.83,21.78,1.35,2.59,7.0,3.05,4.01,4.68,38.0,70.568,287.0,7.0,,0.0,0.0,5.0
Luke List,178.1,163.8,162.6,166.1,-0.1,52.8,79.64,58.39,69.48,73.72,65.06,72.34,67.45,59.21,47.11,90.32,88.51,83.06,87.86,53.85,57.52,93.1,52.85,56.34,101000.0,731507,1.0,"$731,507","102' 5""",180.79,88.0,295.7,325.1,2.391,123.68,"25' 3""",57.45,307.8,6.5,58.25,9.08,14.53,382.0,16.13,1.462,2655.2,6.43,10.71,,"2' 2""","9' 7""","14' 11""","71' 3""",29.35,1.654,29.77,3.65,21.34,1.36,2.46,13.0,3.07,4.03,4.58,29.0,71.048,252.0,13.0,,0.0,1.0,4.0
Martin Laird,178.1,168.6,160.6,165.6,-0.102,52.2,83.62,51.52,70.51,78.0,64.71,65.96,71.19,56.67,50.0,90.63,90.74,86.71,90.79,32.2,60.87,88.89,69.33,31.71,,232786,1.0,"$232,786","101' 8""",171.35,21.0,282.6,309.8,2.472,114.32,"23' 4""",63.74,302.1,5.7,64.44,9.95,10.86,359.0,14.81,1.499,2474.3,6.36,10.54,0.03,"2' 4""","9' 8""","9' 10""","72' 1""",27.9,1.658,29.85,3.59,21.08,1.37,2.51,8.0,3.04,4.01,4.63,13.0,71.344,140.0,8.0,4.0,0.0,0.0,3.0
Billy Horschel,178.1,158.3,165.0,166.9,-0.133,39.1,80.06,47.56,66.17,76.74,60.42,67.28,64.02,52.78,42.28,79.63,83.25,80.63,84.67,50.0,56.34,91.89,51.39,47.73,395000.0,2383908,6.0,"$2,531,658","108' 1""",170.51,148.0,280.5,339.6,2.468,113.67,"22' 3""",62.79,299.3,5.6,61.95,11.82,16.34,388.0,12.8,1.5,2493.7,7.19,10.19,0.03,"2' 1""","9' 9""","9' 8""","74' 10""",31.81,1.594,28.7,3.92,22.29,1.38,2.65,7.0,3.08,4.0,4.6,34.0,70.209,310.0,7.0,2.0,3.0,4.0,4.0
Jordan Spieth,178.2,158.0,164.6,166.5,-0.121,37.8,75.11,50.61,62.37,67.42,57.38,65.36,59.01,50.61,44.33,74.42,81.61,76.81,83.97,49.09,57.86,94.12,53.28,51.72,101000.0,1138146,3.0,"$1,244,146","103' 3""",172.47,345.0,285.6,472.0,2.504,114.05,"24' 6""",52.14,301.6,5.7,52.99,10.84,18.07,402.0,17.61,1.51,2385.7,7.74,9.6,0.02,"2' 2""","9' 4""","12' 4""","71' 5""",33.72,1.567,28.21,3.87,22.13,1.25,2.82,7.0,3.04,4.05,4.59,20.0,70.85600000000002,240.0,7.0,,0.0,2.0,6.0
Grayson Murray,178.3,148.2,163.7,164.2,-0.122,37.9,77.29,49.78,63.89,72.6,59.91,65.79,53.4,53.52,52.38,69.7,77.78,75.88,80.65,43.55,55.56,90.91,56.82,40.48,,244150,1.0,"$244,150","90' 11""",180.02,238.0,297.6,1147.4,2.449,121.5,"24' 5""",54.17,313.8,6.8,53.86,8.0,14.05,372.0,21.55,1.486,2374.6,7.03,9.94,,"2' 2""","8' 8""","10' 9""","67' 7""",33.74,1.62,29.17,3.97,22.84,1.18,2.89,5.0,3.03,4.11,4.57,11.0,71.81,143.0,5.0,,1.0,3.0,4.0
Marc Leishman,178.4,163.5,166.6,168.3,-0.077,53.4,72.56,49.63,61.48,73.26,56.98,64.07,60.47,50.59,40.44,75.76,80.0,77.59,81.15,42.11,55.32,93.55,52.83,43.06,405000.0,3109752,3.0,"$3,109,752","93' 3""",172.85,383.0,274.9,336.0,2.386,115.22,"26' 3""",51.88,295.8,8.1,53.76,9.65,15.46,390.0,19.5,1.5,2451.8,7.05,10.18,0.02,"2' 3""","10' 6""","22' 3""","73' 1""",29.46,1.608,28.95,3.39,19.31,0.99,3.16,5.0,3.06,4.08,4.72,19.0,71.186,207.0,5.0,2.0,0.0,2.0,4.0
Mark Hubbard,178.7,167.6,165.6,168.7,-0.123,52.3,77.91,51.23,66.67,73.68,62.11,73.71,63.37,53.09,48.6,87.5,88.58,82.48,88.96,47.26,60.85,91.18,58.64,46.9,167000.0,1840473,3.0,"$1,840,473","86' 0""",166.58,231.0,268.2,1301.5,2.386,112.4,"22' 10""",62.84,290.1,6.4,63.46,8.69,11.69,368.0,16.6,1.485,2943.6,7.41,10.1,,"2' 1""","9' 6""","20' 7""","74' 7""",31.68,1.592,28.66,3.74,21.64,1.49,2.3,13.0,3.06,4.0,4.56,47.0,70.414,322.0,13.0,5.0,2.0,0.0,5.0
Robby Shelton,178.8,161.5,168.4,169.4,-0.071,53.1,75.82,56.99,66.9,74.07,62.07,66.86,68.89,51.89,48.46,86.96,85.35,81.37,84.87,46.46,53.66,85.71,48.61,45.95,140000.0,1232306,3.0,"$1,232,306","97' 0""",166.64,185.0,274.4,312.5,2.479,110.69,"22' 8""",61.17,296.6,6.2,61.46,11.4,15.99,365.0,13.22,1.506,2204.1,6.59,10.65,,"2' 2""","10' 0""","8' 8""","72' 6""",30.08,1.636,29.45,3.73,21.21,1.19,2.87,6.0,3.09,4.04,4.64,23.0,71.358,265.0,6.0,2.0,0.0,0.0,4.0
Jhonattan Vegas,178.8,160.9,160.2,164.6,-0.091,57.7,78.34,59.77,70.22,71.08,63.87,70.49,67.38,50.0,55.88,87.23,87.84,81.82,88.12,39.19,54.48,89.47,45.92,40.0,70000.0,527009,1.0,"$527,009","101' 4""",181.77,22.0,291.5,344.1,2.396,121.64,"24' 7""",62.0,309.0,5.1,60.94,8.78,16.41,369.0,12.3,1.494,2623.8,6.5,10.7,0.02,"2' 2""","9' 0""","7' 5""","67' 3""",31.43,1.649,29.68,4.06,23.22,1.4,2.82,6.0,3.05,4.01,4.55,20.0,70.883,203.0,6.0,,0.0,5.0,4.0
Tony Finau,178.9,165.5,161.5,166.3,-0.145,52.7,81.35,58.88,68.83,75.0,63.74,65.64,66.18,62.43,46.55,82.35,88.38,83.93,90.75,47.75,60.89,96.88,58.33,47.14,550000.0,2932286,7.0,"$3,047,286","106' 2""",180.63,150.0,294.4,350.3,2.412,122.05,"24' 10""",51.79,309.8,6.7,51.96,9.64,15.81,411.0,19.98,1.48,2648.4,7.32,10.0,,"1' 11""","9' 9""","13' 6""","72' 8""",33.26,1.587,28.57,4.19,23.92,1.68,2.26,8.0,3.04,3.97,4.56,39.0,69.992,302.0,8.0,2.0,0.0,7.0,4.0
Kyoung-Hoon Lee,179.1,161.4,164.6,166.9,-0.081,31.4,75.27,50.99,65.2,71.57,59.31,64.41,63.13,52.94,42.48,72.34,79.78,76.84,82.35,53.28,62.08,94.12,57.14,50.98,105000.0,781808,1.0,"$781,808","93' 6""",169.41,177.0,278.2,307.7,2.467,112.74,"24' 6""",64.98,296.4,6.8,62.52,9.62,13.25,349.0,13.51,1.5019999999999998,2500.2,7.38,9.86,0.04,"2' 3""","8' 6""",,"68' 5""",30.45,1.6,28.81,3.74,20.83,1.34,2.43,1.0,3.08,4.04,4.61,32.0,71.339,269.0,1.0,,0.0,1.0,3.0
Cameron Smith,179.1,166.6,161.9,166.4,-0.105,45.8,79.71,51.72,64.06,81.98,58.79,63.37,60.68,54.44,37.41,82.0,86.63,84.81,88.52,57.52,59.18,95.45,55.15,56.79,445333.0,2372487,2.0,"$2,372,487","99' 11""",169.25,331.0,282.1,334.3,2.512,112.31,"23' 6""",54.46,299.8,7.8,54.74,11.36,17.76,380.0,16.18,1.508,2251.3,7.55,9.81,,"2' 2""","9' 1""","21' 8""","73' 4""",33.29,1.582,28.48,3.86,22.14,1.31,2.66,8.0,3.07,4.01,4.67,31.0,70.643,247.0,8.0,6.0,0.0,1.0,4.0
Michael Thompson,179.2,167.4,164.1,167.5,-0.079,55.1,73.37,50.33,64.96,78.99,61.72,65.59,67.26,52.53,43.9,74.42,81.46,80.37,84.26,57.14,60.87,100.0,60.14,56.25,152000.0,1577832,2.0,"$1,577,832","102' 0""",164.44,257.0,272.0,304.3,2.476,109.83,"24' 4""",65.4,288.4,6.3,65.77,11.27,13.59,365.0,10.9,1.497,2662.3,7.16,10.23,,"2' 3""","9' 6""","17' 2""","71' 2""",28.63,1.604,28.87,3.44,19.44,1.26,2.44,4.0,3.02,4.06,4.61,22.0,71.061,213.0,4.0,,2.0,2.0,4.0
Matthew Fitzpatrick,179.2,167.1,163.3,167.3,-0.117,48.6,74.23,51.5,66.05,74.68,63.76,74.26,67.04,56.08,46.53,73.68,81.69,79.19,84.62,47.17,58.79,88.89,56.86,53.13,181000.0,2109709,5.0,"$2,109,709","92' 1""",168.4,175.0,273.1,343.8,2.4290000000000003,112.43,"22' 9""",64.58,294.7,5.7,65.85,9.24,13.56,376.0,12.09,1.499,2609.4,7.5,9.94,,"2' 5""","11' 4""","12' 4""","83' 4""",30.63,1.577,28.39,3.67,21.09,1.37,2.48,7.0,3.06,4.01,4.62,24.0,70.07,198.0,7.0,,0.0,1.0,4.0
Charles Howell III,179.2,160.2,162.4,165.5,-0.116,54.2,85.33,51.49,68.76,77.68,62.27,70.44,64.92,56.46,36.54,75.0,86.78,83.22,89.86,50.48,57.47,73.91,56.15,47.76,140000.0,1371807,3.0,"$1,463,057","87' 10""",175.25,188.0,286.8,360.8,2.454,116.85,"26' 3""",54.57,301.1,7.0,52.03,8.44,15.8,411.0,21.74,1.499,2657.2,6.8,10.51,,"2' 1""","9' 11""","12' 2""","72' 4""",29.43,1.63,29.33,3.67,21.01,1.37,2.51,8.0,3.05,4.0,4.65,31.0,70.71600000000002,253.0,8.0,2.0,0.0,1.0,5.0
Lanto Griffin,179.3,163.5,164.6,167.7,-0.106,46.8,79.13,50.81,65.52,78.57,61.27,69.23,60.66,57.67,42.57,68.0,81.08,80.22,85.52,54.49,63.4,91.67,58.59,58.62,527500.0,3188586,4.0,"$3,188,586","88' 2""",178.69,221.0,284.0,352.9,2.379,119.4,"25' 10""",57.16,302.5,6.9,57.5,7.51,14.82,429.0,17.07,1.499,2653.8,7.45,9.79,0.01,"2' 4""","9' 9""","9' 9""","76' 6""",31.98,1.588,28.58,3.87,22.04,1.45,2.49,9.0,3.06,4.0,4.57,41.0,70.45100000000002,356.0,9.0,6.0,2.0,2.0,5.0
Mackenzie Hughes,179.5,164.7,158.2,163.7,-0.128,36.1,78.21,44.8,63.41,72.46,59.89,62.75,61.94,50.27,52.98,79.66,85.31,79.68,88.14,54.4,60.52,96.43,54.45,58.24,620000.0,2079951,4.0,"$2,079,951","114' 1""",171.65,340.0,285.3,333.2,2.478,115.14,"24' 2""",55.77,298.7,7.1,56.1,11.29,15.33,376.0,16.38,1.491,2656.2,7.5,9.83,,"2' 2""","11' 3""","21' 4""","80' 8""",30.87,1.5659999999999998,28.19,3.71,21.03,1.34,2.46,5.0,3.0,4.03,4.68,31.0,70.589,260.0,5.0,9.0,0.0,1.0,5.0
Patrick Reed,179.7,171.2,163.7,168.6,-0.16899999999999998,52.2,79.0,53.63,65.32,76.27,59.26,73.13,60.66,48.63,40.12,76.62,86.64,83.29,91.18,60.61,63.64,97.62,56.97,60.98,960000.0,4250060,8.0,"$4,500,060","83' 11""",173.63,314.0,275.3,318.3,2.3480000000000003,117.24,"24' 0""",56.08,296.0,7.4,56.5,7.78,16.52,385.0,17.07,1.481,2813.9,7.99,9.45,,"2' 0""","9' 11""","8' 2""","77' 2""",35.37,1.55,27.89,4.23,24.1,1.69,2.27,8.0,3.08,3.95,4.57,37.0,69.586,313.0,8.0,8.0,1.0,1.0,4.0
Sungjae Im,179.7,161.7,162.2,166.1,-0.111,55.3,79.31,49.57,67.08,75.16,62.43,68.12,62.8,58.87,46.24,74.07,82.87,80.18,86.34,58.82,62.12,92.31,57.89,58.76,750000.0,4337811,7.0,"$4,337,811","99' 9""",171.72,103.0,283.6,340.6,2.455,115.51,"23' 1""",64.48,300.5,6.9,65.27,9.33,11.49,373.0,13.76,1.486,2785.0,7.56,9.79,0.01,"2' 2""","9' 1""","23' 10""","72' 7""",33.27,1.5759999999999998,28.36,4.15,23.4,1.62,2.35,6.0,3.05,3.98,4.55,47.0,69.987,390.0,6.0,2.0,8.0,3.0,4.0
Richy Werenski,179.7,164.4,162.5,166.5,-0.128,50.0,77.53,51.37,66.67,76.77,63.8,68.1,63.59,56.16,56.78,92.5,89.33,84.34,88.18,50.94,59.52,96.97,58.65,50.0,175000.0,1716407,3.0,"$1,716,407","101' 1""",168.47,242.0,278.3,317.5,2.4930000000000003,111.62,"23' 1""",57.98,298.1,6.1,56.37,11.12,16.4,371.0,17.13,1.509,2379.1,7.41,9.93,,"2' 0""","11' 2""","3' 8""","77' 11""",31.49,1.586,28.55,3.89,22.02,1.44,2.48,4.0,2.93,4.02,4.69,25.0,70.57300000000002,218.0,4.0,2.0,0.0,2.0,4.0
Bo Hoag,179.8,158.4,159.2,162.9,-0.054000000000000006,45.5,79.05,56.81,69.98,82.91,66.34,68.61,66.32,59.38,55.34,86.89,91.41,87.86,94.12,40.19,56.35,92.31,56.69,34.21,101000.0,621518,1.0,"$621,518","86' 9""",166.89,93.0,271.8,317.6,2.44,111.4,"24' 1""",63.18,294.7,6.4,62.96,9.89,13.76,385.0,13.18,1.495,2414.3,6.46,10.99,,"2' 4""","11' 0""",,"74' 3""",28.0,1.652,29.73,3.55,20.07,1.31,2.69,4.0,3.01,4.03,4.64,27.0,71.193,238.0,4.0,,2.0,0.0,4.0
Cameron Champ,179.8,157.4,159.8,163.9,-0.133,40.0,82.13,51.28,67.7,69.08,62.26,71.29,58.1,60.31,46.77,76.06,80.89,76.85,82.43,48.18,57.99,88.64,56.76,47.5,445333.0,2290839,2.0,"$2,290,839","98' 4""",189.18,126.0,300.8,369.1,2.3680000000000003,127.0,"24' 1""",56.36,322.0,4.1,56.01,5.98,18.16,413.0,18.99,1.49,2772.7,6.96,10.14,,"2' 4""","8' 9""","18' 3""","72' 11""",32.98,1.63,29.34,4.04,23.02,1.38,2.7,7.0,3.09,4.0,4.61,30.0,70.868,283.0,7.0,2.0,3.0,1.0,4.0
Charley Hoffman,179.8,157.9,158.9,163.7,-0.118,53.6,80.81,56.74,68.36,74.77,64.33,76.76,66.12,54.2,45.63,81.13,87.43,82.65,90.0,53.4,55.36,89.29,51.52,53.73,110000.0,932875,2.0,"$1,024,125","99' 10""",170.3,226.0,278.4,315.6,2.448,113.77,"25' 5""",56.85,296.5,10.4,55.87,10.82,11.6,349.0,17.62,1.5019999999999998,2651.1,7.19,10.15,0.02,"2' 5""","8' 11""","10' 3""","74' 9""",33.79,1.607,28.93,4.22,24.11,1.51,2.37,7.0,3.05,4.03,4.56,21.0,71.06,249.0,7.0,,3.0,4.0,5.0
Lucas Glover,179.9,167.0,163.3,167.6,-0.097,45.7,77.94,56.67,68.74,80.17,64.71,76.39,67.38,53.68,41.96,82.69,86.32,83.92,87.68,49.18,57.03,83.33,49.51,51.32,101000.0,728355,1.0,"$728,355","82' 8""",171.04,54.0,273.5,338.9,2.41,113.49,"24' 0""",64.63,301.6,6.6,65.19,8.77,10.89,373.0,13.75,1.507,2290.8,6.81,10.36,0.01,"2' 3""","9' 2""","1' 7""","69' 10""",31.16,1.6369999999999998,29.46,3.93,22.14,1.34,2.61,4.0,3.04,4.02,4.69,28.0,71.12,263.0,4.0,,2.0,1.0,5.0
Scott Harrington,180.0,157.9,158.9,162.9,-0.08900000000000001,53.7,77.12,50.76,64.46,75.35,59.09,62.58,57.37,57.86,39.67,84.91,85.71,81.53,85.99,57.72,55.63,85.71,47.49,60.92,105000.0,951211,1.0,"$951,211","106' 5""",180.76,208.0,294.2,350.1,2.428,121.17,"24' 8""",58.36,307.1,7.2,60.61,8.26,12.55,402.0,15.35,1.492,2778.6,6.96,10.21,,"2' 3""","9' 7""","16' 5""","77' 4""",30.16,1.628,29.31,3.59,20.34,1.12,2.87,5.0,3.08,4.08,4.61,21.0,71.583,244.0,5.0,,2.0,0.0,4.0
Rickie Fowler,180.0,159.4,165.0,167.6,-0.159,48.3,80.85,43.58,66.54,75.0,61.73,71.05,59.88,53.78,51.04,77.42,82.64,79.66,84.07,47.95,60.38,94.74,62.5,44.23,105000.0,947309,2.0,"$1,072,309","116' 6""",171.21,157.0,286.0,325.4,2.516,113.69,"26' 2""",64.84,294.9,5.1,65.03,11.26,11.71,431.0,15.73,1.507,2787.6,7.5,9.84,,"2' 2""","9' 7""","23' 9""","75' 2""",33.33,1.586,28.55,3.93,22.98,1.52,2.48,9.0,2.98,4.01,4.58,23.0,70.499,173.0,9.0,,3.0,1.0,5.0
Dustin Johnson,180.2,160.1,160.2,165.3,-0.184,36.1,81.08,52.84,69.27,71.3,65.58,68.84,63.69,63.93,60.0,77.78,84.54,79.8,87.14,54.17,60.52,89.29,61.17,60.71,15000000.0,5837267,7.0,"$5,837,267","115' 1""",178.74,55.0,301.9,390.6,2.525,119.56,"26' 9""",59.07,311.0,5.5,58.6,10.8,18.26,393.0,13.09,1.495,2330.3,7.43,9.82,0.02,"2' 2""","10' 0""","21' 0""","80' 5""",35.2,1.586,28.55,4.35,25.74,1.8,2.24,14.0,3.03,3.94,4.53,32.0,69.32300000000001,213.0,14.0,5.0,2.0,5.0,5.0
Emiliano Grillo,180.3,166.2,163.6,167.5,-0.065,65.7,80.63,57.65,71.54,73.96,66.67,74.84,71.58,59.86,48.08,82.35,86.34,81.71,88.18,46.74,53.15,81.25,48.18,44.62,105000.0,849538,3.0,"$849,538","98' 3""",171.03,36.0,281.2,309.7,2.471,113.79,"23' 8""",66.11,295.7,5.2,64.23,9.28,13.56,347.0,13.56,1.503,2681.0,6.08,11.11,,"2' 3""","8' 8""","15' 11""","65' 11""",28.95,1.679,30.23,3.77,21.62,1.32,2.69,8.0,3.04,4.02,4.63,22.0,70.96300000000002,245.0,8.0,4.0,3.0,3.0,4.0
Max Homa,180.4,166.2,160.6,165.4,-0.095,54.9,76.78,48.76,64.6,68.64,59.3,67.86,61.88,56.44,37.9,76.47,81.45,76.99,83.66,49.04,59.87,97.06,57.72,50.0,140000.0,1453056,4.0,"$1,453,056","108' 0""",177.6,252.0,290.4,325.9,2.447,118.68,"24' 1""",58.94,300.6,6.4,58.4,8.91,17.79,385.0,13.41,1.496,2891.6,7.21,10.14,,"2' 3""","8' 6""","13' 7""","68' 10""",30.54,1.592,28.66,3.66,20.79,1.34,2.47,6.0,3.05,4.03,4.64,27.0,70.942,256.0,6.0,,0.0,0.0,6.0
Justin Rose,180.5,162.2,164.8,167.9,-0.112,45.5,72.9,46.92,63.16,63.93,58.87,68.27,56.25,53.91,53.52,81.82,83.81,76.51,84.34,61.29,57.54,90.0,45.07,65.22,105000.0,965656,2.0,"$1,113,156","114' 8""",170.89,247.0,286.9,326.8,2.486,115.37,"24' 1""",60.34,299.6,7.2,59.65,11.76,14.47,362.0,14.25,1.486,2456.0,7.47,9.79,,"2' 3""","8' 9""","3' 3""","72' 8""",34.88,1.591,28.63,4.0,22.95,1.28,2.84,5.0,3.07,4.05,4.53,18.0,70.589,152.0,5.0,,2.0,1.0,3.0
Abraham Ancer,180.8,161.5,164.9,167.8,-0.135,38.8,77.59,48.77,66.97,73.04,61.79,68.52,62.39,61.02,44.03,72.22,82.47,78.96,86.43,49.18,64.77,91.89,71.11,49.4,527500.0,2903306,4.0,"$2,903,306","91' 10""",167.78,124.0,272.3,363.5,2.437,111.72,"23' 8""",64.44,297.5,6.3,62.96,10.06,10.86,383.0,17.5,1.5019999999999998,2578.9,7.46,10.03,,"2' 2""","9' 0""","19' 11""","71' 10""",31.35,1.592,28.65,3.8,21.55,1.6,2.2,6.0,2.97,3.99,4.63,38.0,69.892,281.0,6.0,2.0,3.0,3.0,4.0
D.J. Trahan,180.9,165.2,159.0,164.3,-0.052000000000000005,52.4,77.65,57.33,68.2,71.43,65.04,71.17,67.5,56.44,57.14,87.5,86.11,80.34,85.29,45.45,57.62,89.29,58.33,47.27,,345471,1.0,"$345,471","92' 9""",168.81,79.0,275.8,309.6,2.452,112.48,"24' 7""",64.69,297.6,4.6,63.7,11.04,14.13,384.0,12.83,1.5019999999999998,2095.8,6.6,10.55,,"2' 2""","8' 5""",,"64' 1""",29.64,1.638,29.49,3.81,21.39,1.31,2.55,2.0,3.09,4.02,4.66,19.0,71.307,179.0,2.0,,0.0,0.0,4.0
Bronson Burgoon,181.1,171.0,159.4,165.9,-0.152,57.1,77.38,52.67,66.88,77.53,62.83,65.84,64.86,55.28,49.46,77.14,85.62,82.55,88.29,53.33,59.49,83.33,53.38,51.85,70000.0,589539,1.0,"$589,539","105' 5""",167.8,246.0,281.8,325.2,2.53,111.4,"23' 6""",59.57,294.6,7.8,58.44,11.86,10.03,378.0,19.59,1.508,2428.7,7.51,9.79,0.02,"2' 4""","10' 0""","19' 3""","80' 4""",33.49,1.579,28.42,4.15,23.58,1.51,2.62,5.0,2.95,4.01,4.59,28.0,70.809,220.0,5.0,,0.0,0.0,5.0
Scott Stallings,181.1,157.2,163.4,166.5,-0.134,41.3,81.19,57.0,69.65,86.0,66.62,70.29,64.62,61.54,55.08,82.5,85.71,85.82,86.62,48.28,59.84,89.29,59.31,50.72,101000.0,664849,2.0,"$664,849","89' 11""",171.18,182.0,276.8,317.9,2.421,114.33,"25' 3""",57.31,297.6,6.2,58.89,8.92,14.11,356.0,15.88,1.497,2411.2,7.0,10.3,,"2' 2""","9' 9""","18' 8""","73' 1""",31.14,1.6130000000000002,29.03,3.88,22.64,1.6,2.28,13.0,2.98,3.98,4.63,30.0,70.727,260.0,13.0,,0.0,0.0,4.0
Sebastián Muñoz,181.5,160.0,164.7,167.9,-0.127,39.7,78.54,50.75,66.34,73.55,62.56,68.95,66.45,53.67,49.73,76.47,85.11,81.25,88.39,50.0,62.48,89.47,58.46,52.69,960000.0,2864142,5.0,"$2,864,142","97' 0""",175.37,146.0,285.5,341.3,2.4,118.97,"24' 10""",60.42,302.3,5.3,60.9,9.27,15.92,386.0,14.44,1.471,2673.1,7.33,9.86,0.02,"2' 5""","9' 2""","14' 7""","75' 0""",32.44,1.587,28.57,4.05,23.02,1.57,2.26,8.0,3.01,4.01,4.59,36.0,70.485,340.0,8.0,4.0,6.0,7.0,7.0
Danny Willett,181.6,171.9,166.6,170.7,-0.07400000000000001,40.0,75.48,48.4,62.5,75.41,56.42,61.11,57.48,50.54,41.98,75.86,85.0,81.77,87.91,56.76,54.07,100.0,45.83,63.16,70000.0,621028,1.0,"$621,028","115' 4""",170.28,326.0,286.7,337.4,2.541,112.84,"24' 4""",55.36,301.2,5.7,55.81,12.53,17.77,376.0,17.31,1.509,2362.3,7.53,9.73,,"2' 5""","9' 6""",,"73' 5""",31.33,1.599,28.78,3.63,20.28,1.01,3.18,1.0,3.14,4.07,4.73,9.0,71.805,145.0,1.0,,2.0,2.0,3.0
Sung Kang,181.6,163.9,166.9,169.3,-0.055,49.2,76.94,55.41,65.3,71.43,60.35,73.1,58.26,51.3,45.32,76.0,85.11,80.16,87.57,44.44,54.17,92.86,51.05,40.0,110000.0,1560024,2.0,"$1,560,024","118' 1""",172.19,249.0,286.6,353.7,2.502,114.58,"25' 11""",55.63,303.4,7.1,55.28,12.55,15.21,408.0,18.0,1.503,2404.2,6.79,10.25,0.01,"2' 4""","9' 5""","38' 8""","69' 10""",29.86,1.626,29.27,3.64,20.7,1.08,3.0,6.0,3.12,4.07,4.65,25.0,71.48899999999998,266.0,6.0,,0.0,0.0,3.0
Bubba Watson,181.6,165.3,162.7,167.2,-0.101,52.9,80.68,53.75,67.68,73.45,63.75,68.28,68.84,57.43,47.11,84.13,81.35,78.9,80.42,45.36,58.07,84.85,59.06,43.86,165000.0,1565323,3.0,"$1,756,573","101' 9""",180.69,117.0,293.2,369.5,2.406,121.88,"23' 11""",57.93,311.0,6.4,57.65,8.61,15.55,431.0,15.93,1.482,2745.4,6.76,10.58,,"2' 0""","9' 2""","21' 6""","69' 8""",29.5,1.619,29.14,3.67,21.13,1.36,2.59,9.0,3.12,3.98,4.62,33.0,70.308,242.0,9.0,4.0,2.0,0.0,4.0
Matt Jones,181.7,167.0,159.3,165.2,-0.084,51.5,76.79,54.15,66.23,73.24,61.53,67.14,68.24,49.51,47.06,82.69,86.19,80.97,87.34,58.33,58.01,86.96,56.93,55.45,105000.0,996369,2.0,"$996,369","92' 3""",172.78,246.0,279.6,339.9,2.431,115.02,"24' 2""",59.17,297.3,7.6,60.27,8.55,12.79,369.0,15.15,1.506,2757.7,7.01,10.25,,"2' 1""","9' 2""","39' 7""","72' 1""",31.01,1.618,29.13,3.76,21.42,1.29,2.68,7.0,3.1,4.04,4.52,30.0,70.817,286.0,7.0,2.0,1.0,0.0,5.0
Matt Kuchar,182.0,169.8,162.8,167.7,-0.092,53.7,76.64,47.96,64.98,75.0,61.06,71.62,65.61,51.79,43.8,77.08,84.91,81.38,88.29,58.43,60.91,91.67,59.15,55.07,150000.0,1515585,1.0,"$1,623,585","96' 5""",163.14,276.0,271.0,320.5,2.487,108.98,"25' 11""",65.82,282.9,6.0,66.08,10.93,15.43,374.0,9.9,1.497,2549.0,7.38,10.13,,"2' 1""","9' 3""","24' 3""","72' 0""",31.65,1.579,28.43,3.79,21.53,1.44,2.41,5.0,3.05,4.0,4.62,27.0,70.312,212.0,5.0,2.0,2.0,2.0,4.0
Collin Morikawa,182.1,166.7,166.4,170.2,-0.155,56.1,77.93,54.4,69.03,80.14,64.8,72.69,62.82,58.72,52.5,92.45,88.41,85.22,87.22,53.97,59.42,97.73,53.96,52.17,1900000.0,5250868,7.0,"$5,250,868","111' 6""",168.1,59.0,283.1,321.1,2.4930000000000003,113.56,"23' 0""",65.54,297.3,5.7,65.33,11.97,12.26,379.0,14.57,1.48,2303.3,7.19,10.0,0.03,"2' 3""","9' 4""","7' 6""","72' 1""",32.66,1.61,28.99,4.05,23.61,1.56,2.48,16.0,3.01,4.0,4.52,39.0,69.85600000000001,324.0,16.0,2.0,1.0,0.0,4.0
Hideki Matsuyama,183.0,161.3,166.0,169.2,-0.127,55.4,82.65,54.5,68.54,72.31,63.44,71.56,67.3,63.74,37.5,79.55,85.65,80.64,87.21,55.04,63.72,85.29,62.5,52.44,582500.0,3665825,5.0,"$3,685,825","105' 9""",172.99,132.0,288.6,350.9,2.496,115.63,"24' 11""",56.98,304.4,6.6,56.52,10.57,14.1,396.0,18.48,1.497,2412.4,7.22,9.86,,"2' 3""","9' 6""","12' 5""","69' 8""",32.05,1.598,28.77,4.04,23.35,1.68,2.27,12.0,3.04,3.97,4.53,42.0,69.766,299.0,12.0,5.0,0.0,4.0,5.0
Jason Day,183.1,169.5,160.2,166.3,-0.151,55.9,79.13,46.77,64.78,71.01,58.85,62.94,67.88,52.68,33.33,82.05,86.23,81.16,87.88,65.49,62.8,85.19,54.63,66.67,154000.0,1943898,5.0,"$2,153,898","108' 3""",174.07,300.0,289.9,319.9,2.466,117.58,"23' 5""",55.9,299.7,6.1,55.23,10.66,16.79,388.0,17.87,1.481,2410.4,7.47,9.92,,"2' 1""","9' 8""","2' 3""","72' 7""",31.28,1.581,28.45,3.75,21.38,1.45,2.38,5.0,2.98,4.04,4.59,25.0,70.163,199.0,5.0,,1.0,1.0,4.0
Scott Brown,183.1,164.7,162.5,167.0,-0.075,50.0,74.13,47.6,64.5,65.12,59.02,67.27,58.88,55.56,48.36,81.82,86.06,78.88,88.18,44.12,59.66,86.05,60.61,47.37,101000.0,963412,1.0,"$963,412","96' 5""",165.9,238.0,272.7,306.0,2.444,111.57,"24' 0""",67.37,288.5,4.3,67.82,10.74,12.21,362.0,12.36,1.4880000000000002,2458.1,6.92,10.23,,"2' 2""","10' 8""","1' 4""","71' 6""",28.34,1.621,29.17,3.41,19.27,1.13,2.77,4.0,3.02,4.08,4.64,25.0,71.572,218.0,4.0,,1.0,3.0,4.0
Sergio Garcia,183.2,161.5,163.7,167.8,-0.1,72.7,77.36,60.17,68.31,80.25,62.35,61.36,60.71,51.72,57.89,73.81,85.81,83.84,90.57,55.07,59.36,87.5,49.28,55.56,70000.0,658935,1.0,"$658,935","104' 9""",175.7,73.0,287.7,348.0,2.41,119.39,"24' 1""",60.62,305.8,4.9,59.33,9.59,17.98,429.0,13.71,1.472,2817.9,6.91,10.18,0.02,"2' 3""","8' 0""",,"64' 0""",30.0,1.63,29.34,3.84,21.59,1.36,2.57,2.0,3.13,3.98,4.64,14.0,70.574,169.0,2.0,,2.0,0.0,3.0
Scott Piercy,183.4,170.2,158.8,165.6,-0.055,69.2,72.92,54.81,64.73,80.19,58.62,62.42,60.56,51.45,39.5,76.36,82.87,81.88,85.71,36.19,57.28,87.23,59.85,35.71,101000.0,809871,1.0,"$809,871","96' 4""",167.87,219.0,274.8,318.7,2.462,111.58,"24' 10""",62.68,297.2,5.6,61.64,11.44,11.35,381.0,19.11,1.503,2436.8,6.88,10.56,,"2' 1""","8' 7""","27' 5""","67' 4""",28.89,1.614,29.05,3.41,19.53,1.17,2.68,7.0,3.1,4.03,4.68,24.0,71.306,225.0,7.0,2.0,2.0,2.0,4.0
Carlos Ortiz,183.5,161.3,163.4,167.2,-0.1,45.3,78.32,56.89,66.74,77.69,62.68,65.46,66.28,57.92,43.7,83.87,85.43,82.76,85.95,48.67,62.65,91.89,61.58,50.0,160000.0,1631474,3.0,"$1,631,474","98' 3""",174.54,255.0,284.8,348.9,2.446,116.42,"24' 1""",55.36,300.3,5.8,54.8,9.13,16.98,378.0,17.75,1.501,2713.3,7.14,10.13,0.01,"2' 4""","9' 10""","12' 4""","71' 10""",30.15,1.596,28.74,3.71,21.53,1.48,2.36,12.0,3.03,4.0,4.63,33.0,70.528,267.0,12.0,,0.0,0.0,3.0
Dylan Frittelli,183.5,164.9,164.7,168.7,-0.077,41.5,74.64,54.0,65.79,71.53,60.87,72.32,60.71,56.16,45.57,71.67,81.51,77.87,84.83,50.69,61.78,92.68,58.28,50.53,153000.0,1507497,3.0,"$1,507,497","107' 9""",170.78,280.0,283.2,331.8,2.497,113.44,"25' 1""",60.8,291.3,6.8,61.09,9.75,14.2,377.0,15.04,1.505,2858.6,7.26,9.82,0.01,"2' 4""","9' 1""","24' 2""","71' 0""",30.27,1.598,28.77,3.76,21.41,1.32,2.62,8.0,3.09,4.01,4.62,31.0,70.63,308.0,8.0,,6.0,1.0,4.0
Viktor Hovland,183.7,159.4,160.8,165.8,-0.142,37.9,80.21,53.03,68.47,76.52,64.51,70.92,64.42,58.17,50.38,78.95,85.17,81.82,87.5,45.45,56.67,92.5,51.91,44.94,497500.0,1982275,3.0,"$2,079,775","111' 2""",168.99,76.0,283.7,333.1,2.508,113.14,"22' 6""",63.24,299.3,8.1,61.73,12.01,13.33,381.0,13.09,1.494,2488.9,7.14,10.26,0.01,"2' 2""","9' 0""","12' 3""","73' 11""",32.6,1.6,28.8,3.97,23.12,1.51,2.42,14.0,3.02,3.99,4.6,41.0,70.06,294.0,14.0,12.0,0.0,4.0,4.0
Adam Scott,183.7,176.4,168.0,172.6,-0.112,50.0,82.59,52.34,68.13,80.0,63.01,75.0,65.71,53.41,43.59,63.64,82.3,81.5,86.81,55.07,60.09,95.0,66.67,53.66,171000.0,2272434,1.0,"$2,272,434","100' 3""",177.63,143.0,288.1,358.2,2.437,118.23,"24' 11""",55.49,308.1,3.9,54.59,9.36,18.6,400.0,17.87,1.5,2719.1,7.11,10.37,0.03,"2' 2""","9' 9""","27' 2""","75' 4""",31.18,1.601,28.82,3.79,22.08,1.57,2.26,7.0,3.01,3.98,4.64,19.0,69.977,144.0,7.0,3.0,0.0,0.0,4.0
Denny McCarthy,184.2,167.4,168.8,172.3,-0.12,40.8,80.27,48.31,67.46,75.0,63.14,73.3,65.7,57.81,48.52,81.63,87.44,83.17,89.33,49.64,56.98,90.32,56.08,50.94,110000.0,1178557,4.0,"$1,178,557","101' 11""",169.81,203.0,277.0,309.6,2.455,112.86,"23' 4""",61.6,293.8,5.4,62.76,11.08,12.82,363.0,15.14,1.509,2532.6,7.35,10.06,,"2' 4""","10' 10""","15' 7""","85' 4""",34.19,1.589,28.61,4.22,23.95,1.52,2.55,7.0,3.02,3.99,4.61,34.0,70.454,325.0,7.0,6.0,4.0,2.0,4.0
Xander Schauffele,184.3,171.0,165.9,170.7,-0.14,55.6,83.93,57.58,70.87,79.13,65.83,70.44,66.19,62.71,50.76,79.69,87.4,84.82,90.0,56.44,66.49,91.67,64.29,59.7,4500000.0,3813636,7.0,"$3,928,636","96' 8""",175.73,25.0,288.4,348.8,2.4530000000000003,117.54,"25' 5""",60.31,305.4,6.3,59.6,9.08,16.51,387.0,13.23,1.495,2484.4,7.61,9.73,,"2' 5""","9' 1""","16' 10""","75' 6""",33.3,1.597,28.74,4.24,23.97,2.0,1.93,5.0,3.09,3.94,4.45,42.0,69.227,297.0,5.0,14.0,0.0,1.0,4.0
Harris English,184.6,164.5,167.2,170.8,-0.138,63.8,79.45,58.72,70.91,76.74,66.96,72.86,71.68,60.18,54.29,79.25,90.52,85.29,94.3,51.3,65.33,96.77,66.18,56.0,682500.0,3299366,6.0,"$3,299,366","97' 0""",174.3,43.0,285.4,319.8,2.469,115.61,"23' 5""",61.75,300.9,6.1,61.96,8.9,15.28,374.0,13.38,1.508,2794.5,7.13,10.26,0.01,"2' 3""","9' 10""","23' 0""","75' 10""",30.44,1.594,28.7,4.03,22.81,1.93,1.97,6.0,2.94,3.96,4.61,44.0,69.49600000000001,306.0,6.0,8.0,0.0,2.0,5.0
Rory McIlroy,184.7,168.3,167.6,171.8,-0.165,43.2,84.08,50.41,67.78,75.96,61.18,69.87,59.68,52.52,48.15,77.55,87.16,83.54,89.94,45.16,60.63,80.56,57.27,45.16,960000.0,4408415,7.0,"$4,468,415","126' 3""",178.24,128.0,303.3,366.2,2.551,118.88,"23' 11""",56.34,314.0,5.2,55.73,12.65,17.54,412.0,16.55,1.5,2232.5,7.38,9.87,,"2' 3""","8' 1""","20' 5""","70' 3""",34.47,1.587,28.57,4.2,24.54,1.68,2.42,13.0,3.01,3.96,4.54,36.0,69.219,252.0,13.0,19.0,0.0,0.0,4.0
Talor Gooch,184.8,167.4,165.9,170.3,-0.129,52.1,79.35,52.48,67.07,74.6,63.6,70.13,70.45,56.83,45.03,71.15,88.05,83.24,93.1,51.02,57.32,93.55,50.28,51.33,151000.0,1398171,2.0,"$1,398,171","94' 10""",175.21,215.0,284.0,323.8,2.401,118.28,"25' 8""",58.35,298.2,7.0,58.39,8.91,14.57,370.0,16.4,1.481,2590.7,7.05,10.46,,"2' 3""","9' 7""","18' 4""","75' 8""",31.07,1.604,28.87,3.83,21.69,1.41,2.41,6.0,3.01,4.02,4.63,38.0,70.535,318.0,6.0,3.0,0.0,5.0,6.0
Paul Casey,185.2,169.5,167.0,171.0,-0.084,55.6,80.12,59.65,70.63,82.43,65.52,76.74,64.64,56.1,51.96,83.67,85.96,84.92,86.82,47.5,60.14,100.0,56.48,50.0,162000.0,1868952,1.0,"$1,868,952","100' 6""",175.12,15.0,287.9,335.1,2.475,116.35,"25' 9""",63.6,307.2,4.4,64.78,10.18,15.51,397.0,12.28,1.505,2465.3,6.55,10.8,,"2' 2""","8' 3""","18' 3""","66' 6""",28.49,1.645,29.61,3.64,20.83,1.52,2.18,6.0,3.13,3.98,4.55,32.0,70.373,204.0,6.0,5.0,1.0,1.0,3.0
Bryson DeChambeau,186.1,162.6,161.2,167.7,-0.16,50.0,80.52,53.78,68.46,70.77,64.05,65.96,63.87,61.97,56.8,72.0,81.4,78.38,84.19,62.89,63.92,88.46,57.69,67.69,478000.0,4998495,9.0,"$5,105,495","140' 4""",184.73,87.0,314.1,400.1,2.513,125.0,"24' 10""",57.37,322.1,3.3,58.45,12.32,18.31,428.0,15.96,1.465,2455.4,7.77,9.66,,"2' 3""","9' 10""","24' 11""","82' 2""",35.52,1.57,28.26,4.42,25.18,1.94,2.13,7.0,3.01,3.93,4.54,36.0,69.241,274.0,7.0,2.0,0.0,0.0,4.0
Matthew Wolff,186.1,155.8,163.5,167.4,-0.124,47.1,81.18,50.59,66.82,72.22,61.95,62.25,62.9,63.69,46.72,72.46,82.91,79.55,86.41,43.48,57.01,86.84,55.71,47.22,183000.0,2224348,2.0,"$2,321,848","117' 6""",180.92,124.0,303.8,344.9,2.504,121.32,"25' 11""",58.98,311.6,5.9,60.62,10.3,16.19,400.0,12.97,1.491,2387.2,7.04,10.36,,"2' 3""","8' 6""","23' 10""","72' 0""",32.17,1.619,29.15,3.86,21.92,1.35,2.58,6.0,3.06,4.02,4.63,34.0,70.726,286.0,6.0,6.0,2.0,11.0,6.0
Aaron Wise,186.5,167.8,161.6,167.8,-0.08800000000000001,48.6,82.49,55.56,72.1,83.12,69.34,67.0,68.42,65.38,64.41,75.86,86.05,84.95,89.0,52.38,56.19,78.57,57.47,46.34,70000.0,355972,2.0,"$355,972","110' 11""",172.24,59.0,289.1,328.0,2.513,115.05,"24' 5""",59.94,301.5,7.4,59.15,12.15,12.13,359.0,17.23,1.497,2221.9,6.31,10.47,,"2' 5""","11' 4""",,"75' 10""",29.21,1.669,30.04,3.93,22.35,1.34,2.69,4.0,2.99,4.05,4.58,18.0,70.899,177.0,4.0,,0.0,2.0,3.0
Jon Rahm,187.8,161.7,161.8,168.2,-0.189,60.0,83.5,50.5,70.31,76.52,65.64,74.21,68.02,55.71,47.93,80.36,86.31,82.84,88.11,58.82,64.52,90.0,65.08,59.65,3000000.0,5959819,8.0,"$6,359,819","123' 1""",175.89,20.0,297.1,350.0,2.511,118.33,"23' 8""",63.11,307.6,5.6,63.16,11.46,13.53,415.0,14.04,1.487,2426.4,7.38,10.12,0.02,"2' 2""","9' 1""","13' 8""","73' 8""",33.38,1.581,28.47,4.22,24.33,2.07,1.86,9.0,2.99,3.95,4.46,35.0,69.127,245.0,9.0,9.0,1.0,1.0,5.0
Gary Woodland,188.0,161.2,165.1,169.9,-0.13699999999999998,39.5,77.74,54.47,68.19,73.63,63.52,71.25,63.72,59.6,49.57,75.0,82.13,79.53,84.77,47.62,60.0,90.63,63.16,46.97,168000.0,2195131,6.0,"$2,332,631","105' 5""",180.69,88.0,293.4,337.4,2.4130000000000003,121.59,"25' 7""",60.02,305.4,5.8,58.38,9.23,14.32,400.0,17.16,1.486,2645.6,7.08,10.4,,"2' 2""","9' 10""","19' 2""","79' 10""",32.63,1.608,28.95,4.06,23.12,1.61,2.24,6.0,3.0,4.01,4.53,31.0,69.93,252.0,6.0,,2.0,0.0,4.0
Matt Wallace,188.9,155.0,161.4,166.2,-0.068,47.1,77.37,52.6,63.64,85.29,59.35,63.71,61.35,52.5,37.04,72.5,83.54,84.07,87.29,59.3,58.33,95.83,58.82,63.08,70000.0,800993,1.0,"$800,993","114' 2""",172.83,317.0,289.7,346.9,2.515,115.2,"24' 10""",53.08,301.7,6.1,52.8,11.78,18.08,382.0,19.89,1.504,2618.2,7.3,9.93,,"2' 5""","8' 11""","17' 1""","70' 11""",30.62,1.596,28.73,3.66,20.71,1.18,2.66,3.0,3.07,4.07,4.65,13.0,71.206,161.0,3.0,,0.0,0.0,4.0
Wyndham Clark,188.9,156.6,163.0,167.3,-0.055,57.1,74.04,52.22,62.57,72.09,54.72,55.97,56.63,51.91,39.81,63.83,80.65,77.94,86.33,53.4,57.66,96.43,53.57,45.07,101000.0,814737,1.0,"$814,737","116' 1""",180.38,308.0,294.8,330.0,2.459,119.93,"26' 6""",52.18,305.1,6.7,48.96,11.31,17.76,399.0,20.0,1.504,2462.5,7.75,9.51,0.02,"2' 5""","9' 6""","12' 9""","78' 8""",33.72,1.581,28.46,3.8,21.95,1.21,2.79,9.0,3.07,4.09,4.52,21.0,71.243,232.0,9.0,,1.0,1.0,3.0
Tommy Fleetwood,189.5,168.5,165.7,171.6,-0.056,50.0,77.71,53.95,67.22,66.0,58.59,65.71,67.71,50.52,45.07,77.42,83.64,78.13,86.08,56.92,56.36,84.0,56.45,48.28,105000.0,1025676,1.0,"$1,025,676","119' 9""",175.22,95.0,297.3,347.1,2.56,116.12,"23' 2""",61.33,309.6,4.1,60.98,11.77,14.99,385.0,14.99,1.508,2396.7,6.85,10.15,,"2' 2""","11' 8""","34' 7""","79' 0""",30.37,1.617,29.1,3.88,22.08,1.31,2.83,4.0,3.02,3.97,4.78,17.0,70.259,155.0,4.0,4.0,5.0,2.0,4.0
